City_ID,City,Lat,Lng,Max Temp,Humidity,Cloudiness,Wind Speed,Country,Current Description
0,Vostok,46.4856,135.8833,78.94,63,18,1.57,RU,few clouds
1,Constitucion,-35.3333,-72.4167,53.96,68,17,7.54,CL,few clouds
2,Kendari,-3.945,122.4989,74.5,93,98,2.39,ID,moderate rain
3,Chokurdakh,70.6333,147.9167,57.36,50,100,5.73,RU,overcast clouds
4,Laguna,38.421,-121.4238,104.45,20,1,1.99,US,clear sky
5,Ribeira Grande,38.5167,-28.7,70.38,85,100,20.42,PT,overcast clouds
6,Puerto Ayora,-0.7393,-90.3518,73.54,90,88,3.0,EC,overcast clouds
7,Leningradskiy,69.3833,178.4167,40.96,85,100,3.65,RU,overcast clouds
8,Tanabe,33.7333,135.3667,81.61,75,20,1.01,JP,few clouds
9,Kapaa,22.0752,-159.319,86.32,74,90,5.01,US,overcast clouds
10,Vaini,-21.2,-175.2,78.96,89,20,6.91,TO,few clouds
11,Guerrero Negro,27.9769,-114.0611,80.35,55,20,17.98,MX,few clouds
12,Alofi,-19.0595,-169.9187,80.49,74,40,10.36,NU,scattered clouds
13,Hilo,19.7297,-155.09,80.8,73,90,6.91,US,light rain
14,Preobrazheniye,42.9019,133.9064,77.88,72,84,5.17,RU,broken clouds
15,New Norfolk,-42.7826,147.0587,48.76,81,99,1.01,AU,overcast clouds
16,Belison,10.8384,121.9605,80.06,83,100,3.83,PH,overcast clouds
17,Bluff,-46.6,168.3333,41.81,78,76,11.03,NZ,broken clouds
18,Jamestown,42.097,-79.2353,77.18,65,1,1.99,US,clear sky
19,Ilulissat,69.2167,-51.1,42.82,93,90,12.66,GL,moderate rain
20,Arraial Do Cabo,-22.9661,-42.0278,67.05,55,24,24.63,BR,few clouds
21,Point Pleasant,40.0832,-74.0682,85.32,64,1,1.99,US,clear sky
22,Prince Rupert,54.3161,-130.3201,65.89,79,90,3.44,CA,overcast clouds
23,Hamilton,39.1834,-84.5333,83.52,60,20,1.01,US,few clouds
24,Los Llanos De Aridane,28.6585,-17.9182,67.75,78,75,14.97,ES,broken clouds
25,Hobart,-42.8794,147.3294,49.12,82,75,6.91,AU,light intensity drizzle
26,Ushuaia,-54.8,-68.3,40.66,70,20,1.14,AR,few clouds
27,Upernavik,72.7868,-56.1549,40.44,89,99,4.07,GL,overcast clouds
28,Mataura,-46.1927,168.8643,41.49,79,67,3.22,NZ,broken clouds
29,Nanortalik,60.1432,-45.2371,42.94,94,93,11.77,GL,overcast clouds
30,Qaanaaq,77.484,-69.3632,38.23,84,94,1.54,GL,overcast clouds
31,Atuona,-9.8,-139.0333,77.81,71,35,24.52,PF,scattered clouds
32,Suruc,36.9761,38.425,84.4,36,0,11.25,TR,clear sky
33,Rikitea,-23.1203,-134.9692,70.95,66,99,25.28,PF,overcast clouds
34,Tual,-5.6667,132.75,80.24,83,88,20.92,ID,overcast clouds
35,Buraydah,26.326,43.975,93.65,14,42,9.57,SA,scattered clouds
36,Busselton,-33.65,115.3333,54.05,82,95,14.45,AU,light rain
37,Banjarmasin,-3.3244,114.591,77.14,93,25,2.53,ID,scattered clouds
38,San Quintin,30.4833,-115.95,76.53,65,1,14.34,MX,clear sky
39,Calama,-22.4667,-68.9333,63.09,10,75,12.66,CL,broken clouds
40,Kyra,49.5776,111.9753,64.94,94,76,3.71,RU,light rain
41,Hermanus,-34.4187,19.2345,51.91,82,100,2.26,ZA,light rain
42,Cape Town,-33.9258,18.4232,53.89,89,75,1.01,ZA,light rain
43,Rundu,-17.9333,19.7667,49.71,35,0,6.29,NA,clear sky
44,Castro,-24.7911,-50.0119,40.5,68,9,1.52,BR,clear sky
45,Hasaki,35.7333,140.8333,82.8,79,7,7.2,JP,clear sky
46,Yellowknife,62.456,-114.3525,69.3,68,75,1.99,CA,broken clouds
47,Teguldet,57.3064,88.1667,53.01,92,20,1.97,RU,few clouds
48,Bredasdorp,-34.5322,20.0403,51.12,82,100,1.14,ZA,light rain
49,Alappuzha,9.49,76.3264,78.13,86,88,9.55,IN,overcast clouds
50,Banda Aceh,5.5577,95.3222,79.52,72,98,13.82,ID,moderate rain
51,Avarua,-21.2078,-159.775,80.65,74,6,18.41,CK,clear sky
52,Pevek,69.7008,170.3133,37.35,85,18,5.91,RU,few clouds
53,Bathsheba,13.2167,-59.5167,83.01,74,40,20.71,BB,scattered clouds
54,Port Elizabeth,-33.918,25.5701,55.69,88,0,5.75,ZA,clear sky
55,Butaritari,3.0707,172.7902,81.99,76,100,12.62,KI,overcast clouds
56,Itoman,26.1247,127.6694,80.62,91,75,16.11,JP,moderate rain
57,Ishigaki,24.3448,124.1572,80.73,89,75,10.36,JP,broken clouds
58,Celestun,20.8667,-90.4,83.79,74,45,16.75,MX,scattered clouds
59,Kavieng,-2.5744,150.7967,81.41,79,100,10.29,PG,moderate rain
60,Malakal,9.5334,31.6605,71.73,95,85,3.91,SS,light rain
61,Floro,61.5996,5.0328,56.23,87,90,17.27,NO,light intensity drizzle
62,Clyde River,70.4692,-68.5914,37.63,87,90,3.44,CA,light rain
63,Khatanga,71.9667,102.5,56.97,64,100,6.98,RU,overcast clouds
64,Aguimes,27.9054,-15.4461,71.65,78,0,24.16,ES,clear sky
65,San Lorenzo,-25.3333,-57.5333,47.34,71,0,0.0,PY,clear sky
66,Malanje,-9.5402,16.341,66.58,32,24,1.45,AO,few clouds
67,Beawar,26.1,74.3167,77.58,89,100,16.58,IN,overcast clouds
68,Dunedin,-45.8742,170.5036,47.35,72,32,4.5,NZ,scattered clouds
69,Melfort,52.8667,-104.6177,63.36,36,0,8.88,CA,clear sky
70,Canals,38.9625,-0.5844,78.1,77,0,1.01,ES,clear sky
71,Balaipungut,1.05,101.2833,73.81,90,93,0.98,ID,overcast clouds
72,Krasnoselkup,65.7,82.4667,51.04,71,82,2.21,RU,broken clouds
73,Salym,60.0625,71.4789,53.6,96,46,4.18,RU,scattered clouds
74,Norman Wells,65.282,-126.8329,78.84,41,75,9.22,CA,broken clouds
75,Baykit,61.67,96.37,54.16,97,71,4.23,RU,broken clouds
76,Bethel,41.3712,-73.414,79.72,82,77,4.34,US,broken clouds
77,Mar Del Plata,-38.0023,-57.5575,51.1,68,0,1.01,AR,clear sky
78,Dikson,73.5069,80.5464,39.45,78,0,7.11,RU,clear sky
79,Provideniya,64.3833,-173.3,50.11,81,90,11.18,RU,light intensity drizzle
80,Sakakah,29.9697,40.2064,96.37,13,79,6.38,SA,broken clouds
81,Medvezhyegorsk,62.9167,34.4667,52.38,69,14,4.18,RU,few clouds
82,Zalari,53.5584,102.5065,58.05,82,52,4.72,RU,broken clouds
83,San Luis,-33.295,-66.3356,49.55,29,0,7.38,AR,clear sky
84,Rafai,4.95,23.9167,67.37,98,99,0.94,CF,overcast clouds
85,Toritori,16.2405,119.987,79.39,86,100,7.83,PH,overcast clouds
86,Barrow,71.2906,-156.7887,41.02,93,90,0.0,US,mist
87,Namibe,-15.1961,12.1522,67.57,83,85,5.66,AO,overcast clouds
88,Malayal,7.208,121.942,75.0,80,91,2.48,PH,overcast clouds
89,Alihe,50.5667,123.7167,69.12,88,32,1.1,CN,scattered clouds
90,Chuy,-33.6971,-53.4616,44.98,87,22,6.55,UY,few clouds
91,Sierra Vista,31.5545,-110.3037,88.88,41,40,4.61,US,scattered clouds
92,Kaeo,-35.1,173.7833,62.33,72,33,3.89,NZ,scattered clouds
93,Tahe,52.3333,124.7333,68.02,90,44,1.21,CN,scattered clouds
94,Albany,42.6001,-73.9662,77.14,83,83,1.19,US,broken clouds
95,Vardo,70.3705,31.1107,44.83,76,99,14.88,NO,overcast clouds
96,San Cristobal,7.7669,-72.225,66.49,97,81,4.76,VE,broken clouds
97,Nikolskoye,59.7035,30.7861,58.89,82,0,5.35,RU,clear sky
98,Cabo San Lucas,22.8909,-109.9124,99.81,43,20,14.97,MX,few clouds
99,Nome,64.5011,-165.4064,63.16,88,75,8.05,US,light rain
100,Lavras,-21.2453,-44.9997,49.77,19,1,5.12,BR,clear sky
101,Korgen,66.0771,13.8153,49.32,78,95,10.6,NO,overcast clouds
102,Te Anau,-45.4167,167.7167,41.09,86,98,1.48,NZ,overcast clouds
103,Punta Arenas,-53.15,-70.9167,37.51,81,0,13.8,CL,clear sky
104,Warrensburg,38.7628,-93.7361,83.86,60,1,5.75,US,clear sky
105,Roald,62.5833,6.1333,57.99,82,90,17.27,NO,overcast clouds
106,Severo-Kurilsk,50.6789,156.125,50.94,96,97,8.32,RU,overcast clouds
107,Faanui,-16.4833,-151.75,78.66,77,100,23.02,PF,light rain
108,Beringovskiy,63.05,179.3167,45.52,97,100,7.96,RU,light rain
109,Portree,57.4129,-6.1942,53.85,97,43,3.4,GB,scattered clouds
110,Imuris,30.7833,-110.8667,81.86,63,97,6.24,MX,overcast clouds
111,Mrakovo,52.7161,56.6244,62.06,75,4,2.86,RU,clear sky
112,Hithadhoo,-0.6,73.0833,81.5,72,96,4.34,MV,overcast clouds
113,Tasiilaq,65.6145,-37.6368,46.56,91,100,11.03,GL,light rain
114,Conakry,9.538,-13.6773,78.87,94,40,4.61,GN,scattered clouds
115,Gamarra,8.3228,-73.7427,86.67,65,12,5.77,CO,few clouds
116,Uni,57.7535,51.4923,63.1,76,60,6.35,RU,moderate rain
117,Oistins,13.0667,-59.5333,82.49,74,40,20.71,BB,scattered clouds
118,Looc,12.2605,121.9926,81.45,84,100,19.6,PH,light rain
119,Juneau,58.3019,-134.4197,70.84,71,40,14.97,US,scattered clouds
120,Okhotsk,59.3833,143.3,62.83,76,18,5.01,RU,few clouds
121,Puerto Escondido,15.85,-97.0667,86.83,62,75,6.91,MX,broken clouds
122,Quchan,37.106,58.5095,69.67,23,0,5.82,IR,clear sky
123,Semey,50.4111,80.2275,64.09,58,97,7.61,KZ,overcast clouds
124,Mogadishu,2.0371,45.3438,76.69,84,97,18.99,SO,overcast clouds
125,Kununurra,-15.7667,128.7333,64.38,59,8,3.44,AU,clear sky
126,Deputatskiy,69.3,139.9,57.96,83,100,4.29,RU,overcast clouds
127,Jakar,27.5492,90.7525,59.0,97,100,3.04,BT,overcast clouds
128,Hun,29.1268,15.9477,81.12,37,1,8.1,LY,clear sky
129,Riyadh,24.6877,46.7219,95.14,42,95,2.91,SA,overcast clouds
130,Saint-Philippe,-21.3585,55.7679,69.39,75,50,14.72,RE,scattered clouds
131,Tuktoyaktuk,69.4541,-133.0374,69.8,60,40,3.44,CA,scattered clouds
132,Pochutla,15.7432,-96.4661,88.83,61,61,5.46,MX,broken clouds
133,Vikramasingapuram,8.714,77.3893,77.95,85,99,8.08,IN,overcast clouds
134,Atherton,53.5237,-2.4935,69.3,81,1,1.01,GB,clear sky
135,Olkhovka,53.2115,60.6069,61.0,83,33,4.76,RU,scattered clouds
136,Kloulklubed,7.0419,134.2556,84.7,75,100,9.06,PW,overcast clouds
137,Saint George,37.1041,-113.5841,97.39,28,40,8.05,US,scattered clouds
138,Pangnirtung,66.1451,-65.7125,41.41,97,100,3.89,CA,light rain
139,Karlovac,45.4872,15.5478,68.14,96,4,2.35,HR,clear sky
140,Eureka,40.8021,-124.1637,83.68,71,71,5.01,US,broken clouds
141,Saskylakh,71.9167,114.0833,51.98,92,95,5.93,RU,overcast clouds
142,Tiksi,71.6872,128.8694,55.31,88,100,10.58,RU,overcast clouds
143,Bud,39.447,-86.1758,82.67,64,1,6.04,US,clear sky
144,Ust-Ilimsk,58.0006,102.6619,64.44,59,79,3.36,RU,broken clouds
145,Puerto Narino,-3.7703,-70.3831,78.39,75,99,1.43,CO,overcast clouds
146,Merrill,45.1805,-89.6835,83.97,59,1,9.22,US,clear sky
147,Belmonte,-15.8631,-38.8828,75.7,89,4,8.63,BR,clear sky
148,Manthani,18.65,79.6667,78.22,83,100,13.11,IN,moderate rain
149,Codrington,-38.2667,141.9667,48.9,83,100,28.32,AU,overcast clouds
150,Kamenka,51.3223,42.7678,72.16,70,74,0.56,RU,broken clouds
151,Saravan,39.7196,45.6483,70.45,56,14,6.73,AM,few clouds
152,Marsabit,2.3284,37.9899,65.8,57,94,20.54,KE,overcast clouds
153,Channel-Port Aux Basques,47.5702,-59.1367,59.25,94,100,13.71,CA,overcast clouds
154,Brakel,51.7167,9.1833,58.33,88,60,2.95,DE,broken clouds
155,Kaitangata,-46.2817,169.8464,46.92,79,58,3.85,NZ,broken clouds
156,Newala,-10.9431,39.2787,59.25,95,7,3.02,TZ,clear sky
157,Rosarito,32.3333,-117.0333,93.94,56,0,12.15,MX,clear sky
158,Skjervoy,70.0311,20.9714,45.1,79,87,34.09,NO,light rain
159,Vila Franca Do Campo,37.7167,-25.4333,68.41,89,85,9.78,PT,overcast clouds
160,Awjilah,29.1081,21.2869,80.49,49,0,8.79,LY,clear sky
161,Georgetown,5.4112,100.3354,79.9,86,20,2.3,MY,haze
162,Trinidad,-14.8333,-64.9,67.98,60,15,4.61,BO,few clouds
163,Methoni,36.8197,21.7049,77.22,78,2,2.48,GR,clear sky
164,Kuching,1.55,110.3333,75.42,94,40,3.44,MY,scattered clouds
165,Kruisfontein,-34.0033,24.7314,49.89,86,100,6.51,ZA,overcast clouds
166,Vaitape,-16.5167,-151.75,78.62,77,100,23.04,PF,light rain
167,Port Macquarie,-31.4333,152.9167,54.9,54,1,10.07,AU,clear sky
168,Chastyye,57.2888,54.9728,68.16,69,95,3.69,RU,overcast clouds
169,Gravelbourg,49.8834,-106.5512,89.37,38,100,14.47,CA,overcast clouds
170,Kirundo,-2.5833,30.1667,68.77,50,73,3.42,BI,broken clouds
171,Hutchinson,38.0608,-97.9298,86.32,42,1,1.99,US,clear sky
172,Bowen,-20.0167,148.2333,64.62,66,5,4.92,AU,clear sky
173,Den Helder,52.9599,4.7593,60.98,78,40,7.0,NL,scattered clouds
174,Coroata,-4.13,-44.1242,78.51,75,78,4.83,BR,broken clouds
175,Kargasok,59.0556,80.8572,53.91,86,50,4.68,RU,scattered clouds
176,Anadyr,64.75,177.4833,50.5,93,90,4.0,RU,fog
177,Souillac,-20.5167,57.5167,71.98,64,40,14.97,MU,scattered clouds
178,Carnarvon,-24.8667,113.6333,57.27,85,10,10.36,AU,clear sky
179,Ancud,-41.8697,-73.8203,51.33,99,100,8.08,CL,moderate rain
180,Bengkulu,-3.8004,102.2655,74.53,90,75,5.75,ID,broken clouds
181,Honningsvag,70.9821,25.9704,44.89,69,56,29.08,NO,light rain
182,Fortuna,40.5982,-124.1573,91.47,76,20,1.99,US,few clouds
183,Cap-Aux-Meules,47.3821,-61.8597,66.25,88,75,8.05,CA,broken clouds
184,Cidreira,-30.1811,-50.2056,54.05,70,66,14.94,BR,broken clouds
185,Kuytun,54.3419,101.5036,58.03,84,3,5.77,RU,clear sky
186,Airai,-8.9266,125.4092,59.61,73,13,3.27,TL,few clouds
187,Paamiut,61.994,-49.6678,43.79,80,15,3.0,GL,few clouds
188,Pozo Colorado,-23.4923,-58.7972,52.27,28,100,5.1,PY,overcast clouds
189,Victoria,22.2855,114.1577,81.32,93,96,5.01,HK,light rain
190,Bambous Virieux,-20.3428,57.7575,71.85,64,40,14.97,MU,scattered clouds
191,Vao,-22.6667,167.4833,69.39,76,66,11.43,NC,broken clouds
192,The Valley,18.217,-63.0578,84.06,78,20,14.97,AI,haze
193,Vila Velha,-20.3297,-40.2925,66.15,94,90,12.66,BR,overcast clouds
194,Acapulco,16.8634,-99.8901,87.62,70,40,9.22,MX,scattered clouds
195,Kaabong,3.4836,34.1492,63.68,71,98,0.45,UG,overcast clouds
196,Thompson,55.7435,-97.8558,69.96,35,20,2.3,CA,few clouds
197,Sibolga,1.7427,98.7792,74.89,83,77,3.42,ID,broken clouds
198,Guanhaes,-18.775,-42.9325,64.78,47,0,2.42,BR,clear sky
199,Isangel,-19.55,169.2667,78.91,83,75,0.0,VU,broken clouds
200,Butajira,8.1167,38.3667,57.63,94,76,3.67,ET,light rain
201,Bonavista,48.6499,-53.1147,69.8,75,96,14.65,CA,overcast clouds
202,Luderitz,-26.6481,15.1594,56.93,85,5,12.26,NA,clear sky
203,Mega,4.05,38.3,62.35,58,100,8.03,ET,overcast clouds
204,Babu,24.4167,111.5167,76.87,92,98,1.59,CN,overcast clouds
205,Inirida,3.8653,-67.9239,73.44,97,74,3.2,CO,broken clouds
206,Yar-Sale,66.8333,70.8333,52.27,77,32,10.13,RU,scattered clouds
207,Wamba,8.9333,8.6,70.92,95,24,2.42,NG,light rain
208,Narasannapeta,18.4167,84.05,82.4,81,100,4.25,IN,overcast clouds
209,Centralia,46.7162,-122.9543,86.47,43,1,9.22,US,clear sky
210,Arbagar,51.9438,116.2805,68.49,74,63,2.3,RU,broken clouds
211,Seoul,37.5683,126.9778,81.91,78,0,4.61,KR,clear sky
212,Damietta,31.4165,31.8133,80.49,66,0,11.86,EG,clear sky
213,Mnogovershinnyy,53.9353,139.9242,71.58,48,93,4.09,RU,overcast clouds
214,Coquimbo,-29.9533,-71.3436,51.53,87,0,6.91,CL,clear sky
215,Ostrovnoy,68.0531,39.5131,49.59,83,66,14.58,RU,broken clouds
216,Lavrentiya,65.5833,-171.0,45.23,98,100,4.18,RU,light rain
217,Shubarkuduk,49.1447,56.4872,76.68,45,3,7.56,KZ,clear sky
218,Novyy Urengoy,66.0833,76.6333,52.25,69,36,5.64,RU,scattered clouds
219,Bardiyah,31.7561,25.0865,78.67,77,0,8.7,LY,clear sky
220,Skagen,57.7209,10.5839,63.09,76,64,25.05,DK,broken clouds
221,Padang,-0.9492,100.3543,71.65,81,100,4.07,ID,overcast clouds
222,Villarrica,-25.75,-56.4333,46.6,49,91,3.8,PY,overcast clouds
223,Cherskiy,68.75,161.3,59.07,44,100,9.33,RU,overcast clouds
224,Rancho Palos Verdes,33.7445,-118.387,100.67,74,20,5.01,US,few clouds
225,Ahipara,-35.1667,173.1667,59.04,64,41,5.32,NZ,scattered clouds
226,Moyale,3.5167,39.0584,70.81,51,99,9.75,KE,overcast clouds
227,Nargana,9.4428,-78.5906,82.2,80,66,6.22,PA,broken clouds
228,Salalah,17.0151,54.0924,77.09,100,90,8.05,OM,light intensity drizzle
229,Sakaiminato,35.55,133.2333,80.58,74,75,2.3,JP,broken clouds
230,Longyearbyen,78.2186,15.6401,42.64,75,75,6.91,SJ,broken clouds
231,Gazli,40.1333,63.45,89.67,23,69,13.31,UZ,broken clouds
232,Lebu,-37.6167,-73.65,52.57,90,94,12.39,CL,overcast clouds
233,Praya,14.9215,-23.5087,77.54,83,75,3.44,CV,broken clouds
234,Cockburn Town,21.4612,-71.1419,84.16,74,40,16.11,TC,scattered clouds
235,Santa Barbara,34.7333,-120.0343,97.34,31,0,9.6,US,clear sky
236,Sao Mateus,-18.7161,-39.8589,70.93,88,6,7.72,BR,clear sky
237,Gat,31.61,34.7642,80.82,75,9,5.95,IL,clear sky
238,Geraldton,-28.7667,114.6,56.12,94,90,14.97,AU,light rain
239,Harper,4.375,-7.7169,76.35,75,95,11.14,LR,overcast clouds
240,Evansville,37.9748,-87.5558,85.06,59,1,4.0,US,clear sky
241,Sao Joao Da Barra,-21.6403,-41.0511,68.23,57,97,19.04,BR,overcast clouds
242,Krasnyy Kholm,58.0607,37.1203,56.66,57,67,5.99,RU,broken clouds
243,Lorengau,-2.0226,147.2712,81.36,78,100,3.49,PG,light rain
244,Havre-Saint-Pierre,50.2334,-63.5986,70.16,68,1,6.91,CA,clear sky
245,Lagoa,39.05,-27.9833,69.42,84,91,25.28,PT,overcast clouds
246,Barentu,15.1139,37.5928,76.23,66,100,0.72,ER,overcast clouds
247,Korla,41.7597,86.1469,74.68,41,89,2.26,CN,overcast clouds
248,Hindoria,23.9,79.5667,80.44,80,100,4.83,IN,light rain
249,Ponta Do Sol,32.6667,-17.1,72.72,78,6,4.41,PT,clear sky
250,Kirakira,-10.4544,161.9205,84.27,63,100,7.96,SB,overcast clouds
251,Port Alfred,-33.5906,26.891,60.1,85,53,11.12,ZA,broken clouds
252,Srednekolymsk,67.45,153.6833,63.97,38,100,12.19,RU,overcast clouds
253,Yulara,-25.2406,130.9889,53.44,54,24,5.75,AU,few clouds
254,Verkhovazhye,60.7472,42.0465,50.36,89,17,2.08,RU,few clouds
255,Avera,33.194,-82.5271,82.45,86,100,3.22,US,overcast clouds
256,Sambava,-14.2667,50.1667,71.44,85,77,12.44,MG,light rain
257,Simga,21.6333,81.7,87.33,59,100,6.22,IN,overcast clouds
258,Uvinza,-5.1036,30.3911,65.08,56,0,2.15,TZ,clear sky
259,Mackenzie,55.2999,-123.1698,68.22,45,1,4.56,CA,clear sky
260,Goderich,43.7501,-81.7165,79.21,83,22,3.44,CA,few clouds
261,Walvis Bay,-22.9575,14.5053,59.09,59,0,7.4,NA,clear sky
262,Lata,40.1629,-8.3327,65.05,89,40,4.92,PT,scattered clouds
263,Fallon,39.4735,-118.7774,96.58,16,45,3.11,US,scattered clouds
264,Fatehpur Chaurasi,26.7833,80.2667,80.65,78,100,4.65,IN,light rain
265,Agadez,19.75,10.25,90.3,16,54,2.44,NE,broken clouds
266,Kieta,-6.2167,155.6333,81.86,78,95,5.59,PG,overcast clouds
267,Xining,36.6167,101.7667,57.43,79,21,2.98,CN,few clouds
268,Poronaysk,49.2167,143.1167,74.23,57,5,2.35,RU,clear sky
269,Hobyo,5.3505,48.5268,75.83,83,94,24.74,SO,overcast clouds
270,Nouadhibou,20.931,-17.0347,82.38,54,70,16.11,MR,dust
271,Asyut,27.181,31.1837,87.98,19,0,9.4,EG,clear sky
272,Cooma,-36.2333,149.1333,44.37,65,75,18.41,AU,broken clouds
273,Pacific Grove,36.6177,-121.9166,93.16,84,20,1.01,US,few clouds
274,Loningen,52.7333,7.7667,57.74,90,4,4.68,DE,clear sky
275,Andalucia,4.1706,-76.1664,58.48,75,8,1.88,CO,clear sky
276,Hambantota,6.1241,81.1185,80.46,78,97,19.08,LK,overcast clouds
277,Richards Bay,-28.783,32.0377,60.08,78,0,12.01,ZA,clear sky
278,Talnakh,69.4865,88.3972,52.63,65,80,6.46,RU,broken clouds
279,Tena,-0.9833,-77.8167,68.76,99,100,2.75,EC,light rain
280,Mahebourg,-20.4081,57.7,71.89,64,40,14.97,MU,scattered clouds
281,Sept-Iles,50.2001,-66.3821,66.25,82,90,3.0,CA,overcast clouds
282,Meadow Lake,34.8014,-106.5436,94.39,26,20,14.83,US,few clouds
283,Itoigawa,37.0333,137.85,83.61,66,27,4.14,JP,scattered clouds
284,Antofagasta,-23.65,-70.4,56.48,81,73,4.43,CL,broken clouds
285,Champerico,14.3,-91.9167,90.14,70,100,5.08,GT,overcast clouds
286,Cotacachi,0.3,-78.2667,67.55,92,100,4.54,EC,overcast clouds
287,Yangambi,0.8102,24.4336,69.62,77,100,2.48,CD,overcast clouds
288,Erenhot,43.6475,111.9767,79.56,48,11,7.43,CN,few clouds
289,Soure,-0.7167,-48.5233,78.66,82,17,8.68,BR,heavy intensity rain
290,Lishan,31.8576,113.2951,77.29,91,100,2.26,CN,overcast clouds
291,Fuling,29.7022,107.3919,75.87,90,91,2.15,CN,overcast clouds
292,Mucurapo,10.6667,-61.5333,83.12,73,95,11.34,TT,overcast clouds
293,Dayong,25.0209,118.2898,85.68,89,100,2.86,CN,overcast clouds
294,Rutana,-3.8667,30.1,56.98,54,6,2.51,BI,clear sky
295,Portland,45.5234,-122.6762,91.71,34,20,3.0,US,few clouds
296,Kenai,60.5544,-151.2583,64.49,86,40,13.8,US,scattered clouds
297,Matagami,49.7502,-77.6328,51.91,87,90,5.75,CA,overcast clouds
298,Yokadouma,3.5167,15.05,70.29,94,70,0.54,CM,broken clouds
299,Isabela,6.7085,121.9711,75.25,81,96,2.84,PH,overcast clouds
300,Papara,-3.9839,-38.7273,79.2,93,2,4.61,BR,clear sky
301,Fonte Boa,-2.4959,-66.2662,73.24,96,93,3.44,BR,overcast clouds
302,Itupiranga,-5.1347,-49.3267,79.59,46,0,2.48,BR,clear sky
303,Collie,-33.3667,116.15,50.99,92,92,8.97,AU,light rain
304,Dryden,49.7833,-92.7503,64.69,88,90,9.22,CA,mist
305,Tateyama,34.9833,139.8667,84.22,77,9,3.74,JP,clear sky
306,Goure,13.9835,10.2704,82.02,55,38,13.09,NE,scattered clouds
307,Hirara,24.8,125.2833,84.47,79,40,14.97,JP,scattered clouds
308,Tsarychanka,48.937,34.4786,75.36,67,60,5.19,UA,broken clouds
309,Saint Anthony,45.0205,-93.218,88.86,42,1,1.99,US,clear sky
310,Port Augusta,-32.5,137.7667,55.71,76,100,5.57,AU,overcast clouds
311,Sobolevo,54.4299,31.8996,61.81,79,76,5.95,RU,broken clouds
312,Saint John,45.2727,-66.0677,71.98,100,90,8.05,CA,fog
313,Raudeberg,61.9875,5.1352,56.19,83,100,18.9,NO,overcast clouds
314,Esperance,-33.8667,121.9,51.64,79,99,9.86,AU,overcast clouds
315,Canto Do Buriti,-8.11,-42.9444,81.84,35,26,4.34,BR,scattered clouds
316,Vazante,-17.9869,-46.9078,64.78,18,0,7.2,BR,clear sky
317,Chara,56.9064,118.2631,68.18,58,98,0.65,RU,overcast clouds
318,Tombouctou,20.0,-3.0,97.83,15,16,12.46,ML,few clouds
319,San Patricio,28.017,-97.5169,95.41,57,64,13.49,US,broken clouds
320,Palu,-0.8917,119.8707,76.06,93,32,3.11,ID,scattered clouds
321,Caluquembe,-13.7833,14.6833,56.8,69,68,2.28,AO,broken clouds
322,Lujan,-34.5703,-59.105,50.99,65,0,7.27,AR,clear sky
323,Bac Lieu,9.285,105.7244,79.16,87,95,6.38,VN,overcast clouds
324,Cabedelo,-6.9811,-34.8339,75.87,84,11,11.77,BR,few clouds
325,Opuwo,-18.0607,13.84,58.75,36,1,6.15,NA,clear sky
326,Carauari,-4.8828,-66.8958,80.24,67,100,0.85,BR,overcast clouds
327,Tame,6.461,-71.73,70.68,94,100,2.89,CO,overcast clouds
328,Slave Lake,55.2834,-114.769,62.58,77,90,6.91,CA,haze
329,Yumen,40.2833,97.2,76.06,25,72,5.3,CN,broken clouds
330,Kumluca,36.3703,30.2869,77.29,53,0,3.76,TR,clear sky
331,Ayaviri,-14.8864,-70.5889,45.54,56,83,3.83,PE,broken clouds
332,Verkhnyaya Inta,65.9811,60.3094,61.79,58,52,10.36,RU,broken clouds
333,Jalu,29.0331,21.5482,80.42,48,0,8.46,LY,clear sky
334,Cartagena,10.3997,-75.5144,82.4,76,31,12.91,CO,scattered clouds
335,Sao Filipe,14.8961,-24.4956,74.8,84,31,8.5,CV,scattered clouds
336,Santa Rosa,14.3122,121.1114,80.85,84,99,8.12,PH,overcast clouds
337,Ordynskoye,54.3656,81.8994,58.86,82,74,3.51,RU,broken clouds
338,Xichang,27.8964,102.2634,67.62,79,3,1.25,CN,clear sky
339,Armeria,18.9333,-103.9667,91.17,69,35,4.7,MX,scattered clouds
340,Laerdalsoyri,61.098,7.4816,62.44,98,82,4.32,NO,broken clouds
341,Shenjiamen,29.9576,122.298,81.01,85,25,13.62,CN,scattered clouds
342,Acarau,-2.8856,-40.12,78.98,81,52,12.53,BR,broken clouds
343,Gaoua,10.2992,-3.2508,74.08,86,95,8.34,BF,light rain
344,Sola,-13.8833,167.55,79.68,77,16,12.21,VU,few clouds
345,Nipawin,53.3668,-104.0009,64.44,77,90,9.22,CA,overcast clouds
346,Thinadhoo,0.5333,72.9333,82.8,72,89,8.84,MV,overcast clouds
347,Havoysund,70.9963,24.6622,43.68,72,98,30.49,NO,light rain
348,Jacareacanga,-6.2222,-57.7528,78.31,45,6,1.52,BR,clear sky
349,Mount Gambier,-37.8333,140.7667,46.31,87,75,32.21,AU,broken clouds
350,Narsaq,60.9167,-46.05,50.22,95,98,3.15,GL,overcast clouds
351,Tabou,4.423,-7.3528,76.01,75,78,10.18,CI,broken clouds
352,Resistencia,-27.4606,-58.9839,50.09,60,100,4.61,AR,overcast clouds
353,Shumyachi,53.8583,32.4242,60.66,85,79,4.74,RU,broken clouds
354,North Bend,43.4065,-124.2243,78.24,71,1,14.97,US,fog
355,Challans,46.8436,-1.8749,75.4,75,0,9.8,FR,clear sky
356,Sinnamary,5.3833,-52.95,77.77,82,100,7.25,GF,overcast clouds
357,Jhansi,25.4333,78.5833,82.26,78,100,5.44,IN,overcast clouds
358,Iqaluit,63.7506,-68.5145,46.13,71,75,5.75,CA,broken clouds
359,Mahibadhoo,3.7833,72.9667,82.99,71,87,10.92,MV,overcast clouds
360,Pishin,30.5803,66.9961,77.41,15,89,7.4,PK,overcast clouds
361,Naantali,60.4674,22.0243,60.85,87,0,3.44,FI,clear sky
362,Urzhum,57.1141,49.9996,64.8,93,79,5.66,RU,broken clouds
363,Fort Frances,48.5999,-93.4003,80.82,61,20,13.8,CA,few clouds
364,Saint-Gabriel,46.3001,-73.3824,78.62,96,87,2.57,CA,overcast clouds
365,Atambua,-9.1061,124.8925,76.28,67,16,3.87,ID,few clouds
366,Felanitx,39.4696,3.1483,77.13,79,0,2.89,ES,clear sky
367,San Pedro,14.35,121.0167,80.1,88,90,4.61,PH,overcast clouds
368,Bilibino,68.0546,166.4372,57.16,44,7,0.47,RU,clear sky
369,Puerto Leguizamo,-0.1934,-74.7819,70.83,98,42,2.33,CO,light rain
370,Sahuaripa,29.05,-109.2333,85.1,60,58,14.83,MX,broken clouds
371,Marsh Harbour,26.5412,-77.0636,83.01,74,8,13.06,BS,clear sky
372,Puri,19.8,85.85,86.38,84,100,12.12,IN,overcast clouds
373,Birjand,32.8663,59.2211,73.87,17,0,6.91,IR,clear sky
374,Aksu,41.1231,80.2644,68.81,65,40,4.36,CN,scattered clouds
375,Madeji,27.7544,68.4526,89.62,62,91,10.47,PK,overcast clouds
376,Pangkalanbuun,-2.6833,111.6167,77.25,92,28,1.9,ID,light rain
377,Klaksvik,62.2266,-6.589,50.92,93,79,7.65,FO,broken clouds
378,Stephenville,32.2207,-98.2023,89.94,56,40,16.11,US,scattered clouds
379,Concepcion,-36.827,-73.0498,55.2,88,0,9.22,CL,clear sky
380,Vila,42.0304,-8.1588,56.7,88,13,2.04,PT,few clouds
381,Tabuk,17.4189,121.4443,79.47,84,91,2.17,PH,overcast clouds
382,Sur,22.5667,59.5289,88.14,64,23,11.14,OM,few clouds
383,Iquique,-20.2208,-70.1431,59.04,73,78,3.0,CL,broken clouds
384,Kouroussa,10.65,-9.8833,74.73,87,81,6.2,GN,broken clouds
385,Honiara,-9.4333,159.95,85.86,58,100,3.33,SB,overcast clouds
386,Dongtai,32.8523,120.3095,81.7,85,100,13.2,CN,overcast clouds
387,Ust-Nera,64.5667,143.2,74.86,30,30,8.05,RU,scattered clouds
388,Kapit,2.0167,112.9333,75.85,98,99,0.85,MY,overcast clouds
389,Phan Thiet,10.9333,108.1,77.67,83,100,9.1,VN,overcast clouds
390,Manggar,-2.8833,108.2667,80.94,82,35,5.95,ID,scattered clouds
391,Yuncheng,35.0231,110.9928,72.54,93,100,4.23,CN,moderate rain
392,Saint-Francois,46.4154,3.9054,63.68,80,0,1.14,FR,clear sky
393,Sioux Lookout,50.1001,-91.917,64.78,88,90,9.22,CA,smoke
394,Sehwan,26.4279,67.863,85.82,64,85,11.18,PK,overcast clouds
395,Port Keats,-14.25,129.55,77.32,23,10,11.23,AU,clear sky
396,Mwinilunga,-11.7358,24.4293,52.54,55,53,2.98,ZM,broken clouds
397,Asau,46.4333,26.4,67.75,99,100,1.45,RO,overcast clouds
398,Torbay,47.6666,-52.7314,64.76,80,90,14.97,CA,overcast clouds
399,Spring Valley,36.108,-115.245,101.01,34,75,1.99,US,broken clouds
400,La Tuque,47.4334,-72.7824,77.25,61,54,4.61,CA,broken clouds
401,Coihaique,-45.5752,-72.0662,46.35,81,90,4.61,CL,shower rain
402,Doha,25.2867,51.5333,91.71,73,0,6.91,QA,clear sky
403,Zhigansk,66.7697,123.3711,65.64,64,4,3.98,RU,clear sky
404,Batemans Bay,-35.7167,150.1833,57.09,58,54,10.27,AU,broken clouds
405,Dallas,32.7668,-96.7836,88.29,78,40,3.44,US,thunderstorm
406,Toledo,39.8333,-4.0,84.07,26,4,8.3,ES,clear sky
407,Brae,60.3964,-1.353,53.51,93,97,11.54,GB,overcast clouds
408,Tupelo,34.2576,-88.7034,80.26,80,75,0.0,US,light rain
409,Daoukro,7.0591,-3.9631,70.05,97,50,4.88,CI,scattered clouds
410,Labuhan,-6.8844,112.2051,79.52,78,47,10.22,ID,scattered clouds
411,Paragould,36.0584,-90.4973,82.33,81,36,11.03,US,scattered clouds
412,Marystown,47.1666,-55.1483,60.58,82,100,4.45,CA,overcast clouds
413,Saldanha,-33.0117,17.9442,51.85,71,100,17.0,ZA,overcast clouds
414,Antalaha,-14.9003,50.2788,68.92,90,97,8.9,MG,light rain
415,Khasan,42.4308,130.6434,77.29,87,72,2.91,RU,broken clouds
416,Karabash,55.4808,60.2157,56.64,84,3,2.06,RU,clear sky
417,Hualmay,-11.0964,-77.6139,63.95,79,21,7.81,PE,few clouds
418,Lagos,6.5833,3.75,80.92,92,89,6.49,NG,light rain
419,Taikang,46.8333,124.4167,79.5,74,90,11.77,CN,overcast clouds
420,Coihueco,-36.6167,-71.8333,54.34,67,72,8.05,CL,broken clouds
421,Tarakan,3.3,117.6333,78.3,94,20,2.3,ID,few clouds
422,Mayo,38.8876,-76.5119,87.22,74,20,3.0,US,haze
423,Ferrol,43.4832,-8.2369,67.26,91,13,5.14,ES,few clouds
424,Muisne,0.6,-80.0333,75.88,86,78,7.4,EC,broken clouds
425,Diffa,13.3154,12.6113,82.26,52,32,8.19,NE,scattered clouds
426,Komsomolets,53.7453,62.0708,59.92,91,1,5.66,KZ,clear sky
427,Kautokeino,69.0125,23.0412,38.21,83,66,17.96,NO,broken clouds
428,Moose Factory,51.2585,-80.6094,55.4,54,1,6.91,CA,clear sky
429,Haines Junction,60.7522,-137.5108,76.95,36,43,3.44,CA,scattered clouds
430,Pangoa,-12.1167,-73.0,63.28,95,73,1.59,PE,broken clouds
431,Jimma,7.6667,36.8333,59.99,98,100,2.15,ET,light rain
432,Aracati,-4.5617,-37.7697,79.95,80,8,12.88,BR,clear sky
433,Evensk,61.95,159.2333,64.38,53,98,1.01,RU,overcast clouds
434,Plettenberg Bay,-34.0527,23.3716,56.95,85,100,8.14,ZA,light rain
435,Tilichiki,60.4667,166.1,63.1,53,53,19.89,RU,broken clouds
436,Uporovo,56.3109,66.2693,56.61,95,2,5.06,RU,clear sky
437,Shimoda,34.6667,138.95,80.96,77,18,3.58,JP,few clouds
438,Mehamn,71.0357,27.8492,43.5,74,59,24.27,NO,broken clouds
439,Shitanjing,39.2342,106.3439,72.5,65,77,15.82,CN,broken clouds
440,Husavik,66.0449,-17.3389,49.91,84,58,3.78,IS,broken clouds
441,Odweyne,9.4092,45.064,69.69,59,15,18.9,SO,few clouds
442,Praia Da Vitoria,38.7333,-27.0667,71.85,78,40,11.7,PT,scattered clouds
443,Tuatapere,-46.1333,167.6833,41.83,74,94,5.57,NZ,overcast clouds
444,Maceio,-9.6658,-35.7353,72.84,100,75,2.3,BR,broken clouds
445,Oshikango,-17.4,15.8833,57.09,35,0,8.72,NA,clear sky
446,Vigrestad,58.5667,5.7,56.88,76,85,18.07,NO,overcast clouds
447,Leshukonskoye,64.8989,45.7622,47.34,93,31,3.04,RU,scattered clouds
448,Atar,20.5169,-13.0499,94.03,24,23,5.97,MR,few clouds
449,Tazovskiy,67.4667,78.7,49.01,66,97,6.24,RU,overcast clouds
450,Saint-Augustin,51.226,-58.6502,62.04,76,100,9.53,CA,overcast clouds
451,Lasa,46.6166,10.7002,67.08,87,18,3.8,IT,few clouds
452,Poddorye,57.4695,31.1156,54.32,75,5,2.82,RU,clear sky
453,Petropavlovsk-Kamchatskiy,53.0452,158.6483,55.99,100,90,2.24,RU,overcast clouds
454,Lexington,37.9887,-84.4777,82.29,54,1,1.99,US,clear sky
455,East London,-33.0153,27.9116,60.89,81,9,11.5,ZA,clear sky
456,Najran,17.4924,44.1277,83.05,57,100,5.79,SA,overcast clouds
457,Dudinka,69.4058,86.1778,51.22,62,100,6.42,RU,overcast clouds
458,Katsuura,35.1333,140.3,84.31,73,4,4.16,JP,clear sky
459,Preston,53.7667,-2.7167,69.75,74,8,0.98,GB,clear sky
460,Bell Ville,-32.6259,-62.6887,45.66,41,9,8.63,AR,clear sky
461,Sitka,57.0531,-135.33,66.09,68,20,5.75,US,few clouds
462,Menongue,-14.6585,17.691,49.87,46,41,4.38,AO,scattered clouds
463,Hohhot,40.8106,111.6522,71.89,73,20,2.24,CN,few clouds
464,Hofn,64.2539,-15.2082,51.53,85,51,2.19,IS,broken clouds
465,Vanimo,-2.6741,141.3028,79.39,85,98,1.54,PG,light rain
466,Gandajika,-6.75,23.95,68.76,38,8,3.8,CD,clear sky
467,Tessalit,20.1986,1.0114,97.38,16,91,10.74,ML,overcast clouds
468,Derzhavinsk,51.1,66.3167,59.16,80,5,8.5,KZ,clear sky
469,Sungairaya,0.7,108.9,78.31,87,51,1.5,ID,broken clouds
470,Kholm,59.2667,32.85,52.16,81,0,3.94,RU,clear sky
471,Kenora,49.8167,-94.4337,70.77,78,90,5.75,CA,smoke
472,Fairbanks,64.8378,-147.7164,80.1,37,1,5.75,US,smoke
473,Bhagalpur,25.25,87.0,82.29,84,100,6.2,IN,overcast clouds
474,Hyeres,43.1167,6.1167,76.68,73,0,0.0,FR,clear sky
475,Tigil,57.8,158.6667,63.48,72,83,3.09,RU,broken clouds
476,Westport,41.1415,-73.3579,81.95,80,75,1.99,US,broken clouds
477,Noumea,-22.2763,166.4572,73.99,99,62,1.72,NC,broken clouds
478,Caravelas,-17.7125,-39.2481,72.19,91,0,5.14,BR,clear sky
479,Asosa,10.0667,34.5333,58.93,96,97,1.99,ET,overcast clouds
480,Sarankhola,22.3082,89.7897,79.61,91,100,7.16,BD,heavy intensity rain
481,Moindou,-21.6924,165.677,71.55,68,90,2.08,NC,overcast clouds
482,Maarianhamina,60.0973,19.9348,51.66,87,0,3.44,AX,clear sky
483,Nelson Bay,-32.7167,152.15,56.75,60,0,4.0,AU,clear sky
484,Pavilosta,56.8879,21.1859,51.75,73,3,3.2,LV,clear sky
485,Rocha,-34.4833,-54.3333,40.62,94,19,5.12,UY,few clouds
486,Kwinana,-32.25,115.7667,57.54,85,100,15.17,AU,overcast clouds
487,Bambanglipuro,-7.95,110.2833,76.62,87,30,3.49,ID,scattered clouds
488,Yenagoa,4.9247,6.2642,74.08,89,99,4.05,NG,overcast clouds
489,Shingu,33.7333,135.9833,81.59,71,36,4.68,JP,scattered clouds
490,Road Town,18.4167,-64.6167,84.29,78,20,10.36,VG,few clouds
491,Bitung,1.4451,125.1824,76.05,71,97,8.37,ID,overcast clouds
492,Batagay-Alyta,67.8006,130.4114,68.14,45,69,18.45,RU,broken clouds
493,Hay River,60.8156,-115.7999,69.78,52,75,4.61,CA,smoke
494,Russell,32.3502,-85.1999,80.51,84,90,4.61,US,overcast clouds
495,Muros,42.7762,-9.0603,67.08,83,22,3.13,ES,few clouds
496,Tuquerres,1.0923,-77.6209,45.55,94,98,5.91,CO,overcast clouds
497,Wadi Maliz,36.4681,8.5495,76.66,79,0,4.61,TN,clear sky
498,Mantua,45.1667,10.7833,77.95,67,16,1.01,IT,few clouds
499,Sao Geraldo Do Araguaia,-6.4006,-48.555,80.64,38,47,2.84,BR,scattered clouds
500,Barranca De Upia,4.5696,-72.9668,69.94,97,99,3.44,CO,overcast clouds
501,Palmer,42.1584,-72.3287,74.86,77,20,0.0,US,few clouds
502,Pacifica,37.6138,-122.4869,97.56,74,20,4.0,US,few clouds
503,Manokwari,-0.8667,134.0833,80.2,75,88,0.22,ID,overcast clouds
504,Touros,-5.1989,-35.4608,74.3,81,36,13.56,BR,scattered clouds
505,Huarmey,-10.0681,-78.1522,64.54,81,19,7.63,PE,few clouds
506,Spring Hill,28.4769,-82.5255,89.47,73,92,3.0,US,overcast clouds
507,Aktash,50.3,87.7333,46.8,79,84,2.93,RU,broken clouds
508,Waipawa,-41.4122,175.5153,50.63,75,26,1.25,NZ,scattered clouds
509,Meulaboh,4.1363,96.1285,75.18,87,100,3.87,ID,overcast clouds
510,Kavaratti,10.5669,72.642,81.97,77,70,17.0,IN,broken clouds
511,Middelburg,-25.7751,29.4648,42.33,25,0,2.39,ZA,clear sky
512,Kurchum,48.5722,83.6542,70.21,42,53,5.48,KZ,broken clouds
513,Kodiak,57.79,-152.4072,65.71,68,1,14.97,US,clear sky
514,Falam,22.9167,93.6833,65.12,98,100,2.71,MM,overcast clouds
515,Gizo,-8.103,156.8419,82.98,70,81,6.42,SB,broken clouds
516,Amapa,1.0,-52.0,73.54,90,53,2.06,BR,broken clouds
517,Longhua,23.6137,114.1919,76.96,93,100,2.98,CN,overcast clouds
518,Niamey,13.5137,2.1098,88.09,55,0,8.05,NE,clear sky
519,Tezu,27.9167,96.1667,79.02,89,91,1.79,IN,overcast clouds
520,Inuvik,68.3499,-133.7218,79.56,60,40,8.05,CA,scattered clouds
521,Plainview,40.7765,-73.4673,83.71,71,20,1.01,US,few clouds
522,Rassvet,46.8333,40.75,79.21,47,16,5.91,RU,few clouds
523,Ndele,8.4109,20.6473,68.74,96,99,3.42,CF,overcast clouds
524,Griffith,41.5284,-87.4237,83.57,62,1,1.99,US,clear sky
525,Irbil,36.1926,44.0106,92.05,13,0,1.83,IQ,clear sky
526,Quatre Cocos,-20.2078,57.7625,71.71,67,34,19.66,MU,scattered clouds
527,Pingliang,35.5392,106.6861,67.93,84,74,4.59,CN,broken clouds
528,Biak,-0.9131,122.8766,78.42,76,88,7.2,ID,overcast clouds
529,Bayir,37.2687,28.2167,64.92,84,0,3.02,TR,clear sky
530,Vani,42.0832,42.5216,74.89,94,0,2.3,GE,clear sky
531,Karratha,-20.7377,116.8463,71.28,47,93,5.57,AU,overcast clouds
532,Fare,-16.7,-151.0167,78.28,77,100,23.89,PF,light rain
533,Itarema,-2.9248,-39.9167,79.07,80,38,12.77,BR,scattered clouds
534,Deep River,46.1001,-77.4995,78.55,72,13,2.93,CA,few clouds
535,Port Lincoln,-34.7333,135.8667,53.74,62,81,23.51,AU,broken clouds
536,Freeport,40.6576,-73.5832,85.1,65,20,1.99,US,few clouds
537,Boa Vista,2.8197,-60.6733,80.58,74,20,3.44,BR,few clouds
538,Bonfim,3.0833,-59.95,77.04,82,55,4.07,BR,broken clouds
539,Sasovo,54.3537,41.9199,67.42,88,39,4.94,RU,scattered clouds
540,Nabire,-3.3667,135.4833,81.18,77,68,0.45,ID,broken clouds
541,Khani,41.9563,42.9566,67.57,61,2,5.08,GE,clear sky
542,Taldan,53.6667,124.8,65.46,98,99,4.0,RU,overcast clouds
543,Kankaanpaa,61.8,22.4167,57.96,84,69,5.57,FI,broken clouds
544,Flinders,-34.5833,150.8552,57.18,59,10,7.0,AU,clear sky
545,Tingo Maria,-9.2895,-76.0088,67.71,98,41,0.4,PE,scattered clouds
546,Tarko-Sale,64.9225,77.785,57.33,84,3,3.53,RU,clear sky
547,Ballina,-28.8667,153.5667,58.96,55,1,9.22,AU,clear sky
548,Victor Harbor,-35.5667,138.6167,54.46,92,87,8.01,AU,overcast clouds
549,Klimovo,52.3805,32.1923,64.78,90,89,5.68,RU,overcast clouds
550,Cairns,-16.9167,145.7667,79.07,78,75,4.61,AU,broken clouds
551,Chapais,49.7834,-74.8492,55.18,94,87,5.88,CA,overcast clouds
552,Aklavik,68.2191,-135.0107,79.52,50,40,6.91,CA,scattered clouds
553,Zlate Hory,50.2638,17.396,60.19,84,19,4.52,CZ,few clouds
554,Vestmanna,62.1564,-7.1664,49.12,100,90,6.91,FO,overcast clouds
555,Daru,-9.0763,143.2092,78.82,80,94,13.98,PG,overcast clouds
556,Loding,67.3,14.75,48.11,85,75,8.01,NO,broken clouds
557,Hayden,47.766,-116.7866,90.16,23,1,3.44,US,clear sky
558,Japura,-0.3167,102.35,74.43,94,99,1.54,ID,overcast clouds
559,Pundaguitan,6.3711,126.1689,83.93,74,94,8.63,PH,overcast clouds
560,Port Hardy,50.6996,-127.4199,68.18,52,75,13.8,CA,broken clouds
561,Galesong,-5.3166,119.3661,73.42,70,22,2.08,ID,few clouds
562,Nhlangano,-27.1167,31.2,41.67,28,0,5.32,SZ,clear sky
563,Jurm,36.8648,70.8342,64.78,44,41,1.61,AF,scattered clouds
564,San Matias,-16.3667,-58.4,64.56,18,1,5.77,BO,clear sky
565,Baruun-Urt,46.6806,113.2792,78.28,51,36,6.69,MN,scattered clouds
566,Zaranj,30.9667,61.8833,89.44,13,0,30.85,AF,clear sky
567,Matam,15.6175,-13.3303,95.0,43,0,4.61,SN,clear sky
568,Tura,25.5198,90.2201,74.55,97,100,2.64,IN,light rain
569,Juruti,-2.1522,-56.0922,79.43,67,31,2.1,BR,scattered clouds
570,Chambery,45.5667,5.9333,69.42,85,0,3.44,FR,clear sky
571,Nongpoh,25.9,91.8833,74.77,96,100,1.74,IN,overcast clouds
572,Dzilam Gonzalez,21.2833,-88.9333,83.25,72,50,9.93,MX,scattered clouds
573,Tartagal,-22.5164,-63.8013,50.68,39,50,2.17,AR,scattered clouds
574,Arlit,18.7369,7.3853,92.75,27,58,8.57,NE,broken clouds
575,Chicama,-7.8447,-79.1469,64.94,80,8,5.44,PE,clear sky
576,Brazzaville,-4.2658,15.2832,71.96,83,12,4.61,CG,few clouds
577,Rawson,-43.3002,-65.1023,55.6,37,88,8.97,AR,overcast clouds
578,Callaway,30.153,-85.5699,84.96,76,1,4.0,US,clear sky
579,Cururupu,-1.8283,-44.8683,74.48,91,27,3.33,BR,scattered clouds
580,Kumano,34.3442,132.5894,81.9,71,50,3.36,JP,scattered clouds
581,Pemba,-12.974,40.5178,71.11,80,29,13.78,MZ,light rain
582,Salisbury,51.0693,-1.7957,70.57,80,28,4.61,GB,scattered clouds
583,Adrar,20.5022,-10.0711,96.42,14,59,9.66,MR,broken clouds
584,Palana,59.1167,159.9667,53.02,84,73,5.3,RU,broken clouds
585,Taltal,-25.4,-70.4833,60.62,73,21,3.2,CL,few clouds
586,Flin Flon,54.7682,-101.865,69.64,46,20,6.91,CA,smoke
587,Arys,42.4252,68.795,75.42,27,0,5.08,KZ,clear sky
588,Todos Santos,23.45,-110.2167,98.31,73,24,7.81,MX,few clouds
589,Divnomorskoye,44.5011,38.1353,77.67,57,0,4.74,RU,clear sky
590,Smithers,54.7804,-127.1743,73.72,40,40,4.61,CA,light rain
591,Ridgecrest,35.6225,-117.6709,105.69,14,20,3.0,US,few clouds
592,Kailua,21.4022,-157.7394,87.78,65,75,17.27,US,broken clouds
593,Kulhudhuffushi,6.6221,73.07,82.58,74,88,10.96,MV,overcast clouds
594,Bjornevatn,69.6672,29.9847,46.74,93,90,4.61,NO,overcast clouds
595,Lodja,-3.4833,23.4333,76.01,34,81,1.3,CD,broken clouds
596,Ariquemes,-9.9133,-63.0408,76.33,51,0,2.93,BR,clear sky
597,Kupang,-10.1667,123.5833,77.58,78,20,11.5,ID,few clouds
598,Nades,46.3167,24.7333,66.42,97,100,2.24,RO,overcast clouds
599,Ambatondrazaka,-17.8333,48.4167,60.17,94,100,4.38,MG,overcast clouds
600,Sao Paulo De Olivenca,-3.3783,-68.8725,76.62,81,97,1.14,BR,overcast clouds
601,Columbus,39.9612,-82.9988,83.08,60,20,9.22,US,few clouds
602,Broome,42.2506,-75.833,78.17,81,1,4.61,US,haze
603,Saint-Pierre,-21.3393,55.4781,69.48,74,0,23.02,RE,clear sky
604,Yeppoon,-23.1333,150.7333,58.78,47,0,5.08,AU,clear sky
605,Nemuro,43.3236,145.575,64.35,95,97,5.37,JP,overcast clouds
606,Lompoc,34.6391,-120.4579,95.77,59,1,16.11,US,mist
607,Valle De San Juan,4.1987,-75.1173,74.61,70,23,5.53,CO,few clouds
608,Mahanoro,-19.9,48.8,68.65,87,100,2.37,MG,light rain
609,Tarnogskiy Gorodok,60.4997,43.5761,51.53,97,58,4.38,RU,broken clouds
610,Policoro,40.2115,16.6726,74.61,89,77,1.99,IT,broken clouds
611,Galle,6.0367,80.217,80.44,82,100,14.83,LK,overcast clouds
612,Xuddur,4.1213,43.8894,70.09,71,99,18.12,SO,overcast clouds
613,Poum,-20.2333,164.0167,71.35,84,94,5.26,NC,overcast clouds
614,Mporokoso,-9.3727,30.125,52.88,57,0,5.97,ZM,clear sky
615,Skerries,53.5828,-6.1083,63.95,93,1,6.11,IE,clear sky
616,Chingirlau,51.095,54.0814,75.42,42,12,4.76,KZ,few clouds
617,Pedernales,18.0384,-71.744,83.57,71,75,14.97,DO,broken clouds
618,Shahr-E Babak,30.1165,55.1186,77.04,22,41,10.69,IR,scattered clouds
619,Waddan,29.1614,16.139,78.85,45,1,9.55,LY,clear sky
620,Pokrovsk,48.282,37.1758,73.18,66,0,8.3,UA,clear sky
621,San Felipe,10.3399,-68.7425,72.46,97,92,0.81,VE,light rain
622,Araouane,18.9048,-3.5265,95.32,24,29,12.77,ML,scattered clouds
623,Taganak,6.0833,118.3,77.14,78,87,5.73,PH,overcast clouds
624,Olinda,-8.0089,-34.8553,76.73,73,40,4.61,BR,scattered clouds
625,Zhangjiakou,40.81,114.8794,71.35,89,50,6.67,CN,scattered clouds
626,Neiafu,-18.65,-173.9833,81.28,78,40,6.91,TO,light intensity shower rain
627,Vanavara,60.34,102.2797,62.83,79,71,3.2,RU,broken clouds
628,Bechem,7.0903,-2.025,68.67,99,62,3.36,GH,broken clouds
629,Vytegra,61.0064,36.4481,55.9,75,63,5.06,RU,broken clouds
630,Shelburne,44.0787,-80.2041,78.69,51,3,7.27,CA,clear sky
631,Banjar,-8.19,114.9675,75.06,76,9,2.17,ID,clear sky
632,San Ramon,37.7799,-121.978,100.29,34,1,8.01,US,clear sky
633,Kudahuvadhoo,2.6708,72.8944,82.8,72,83,8.55,MV,broken clouds
634,Kungurtug,50.5994,97.5228,60.12,66,11,2.42,RU,light rain
635,Lima,-12.0432,-77.0282,62.85,72,90,9.22,PE,overcast clouds
636,Cao Bang,22.6667,106.25,74.64,98,100,1.61,VN,overcast clouds
637,Roma,43.2128,-75.4557,79.84,81,1,3.44,US,clear sky
638,Acajutla,13.5928,-89.8275,98.94,73,44,5.84,SV,scattered clouds
639,Maniitsoq,65.4167,-52.9,42.35,92,100,20.36,GL,light rain
640,Sayat,38.7839,63.8803,80.47,21,2,10.42,TM,clear sky
641,Pilar,-9.5972,-35.9567,71.53,91,31,3.85,BR,scattered clouds
642,Mombaca,-5.7431,-39.6275,78.03,49,47,0.67,BR,scattered clouds
643,Eyl,7.9803,49.8164,78.06,71,96,23.29,SO,overcast clouds
644,Bubaque,11.2833,-15.8333,81.21,82,74,15.99,GW,broken clouds
645,Boulder,40.0833,-105.3505,88.95,19,1,5.99,US,clear sky
646,La Reforma,25.0833,-108.05,98.74,60,2,13.65,MX,clear sky
647,Punta Alta,-38.8759,-62.0736,52.68,37,100,16.44,AR,overcast clouds
648,Sudak,44.85,34.9667,80.15,56,0,4.25,UA,clear sky
649,Mapiripan,2.8892,-72.1256,70.63,98,92,3.87,CO,overcast clouds
650,Susanville,40.4163,-120.653,89.1,26,57,7.0,US,broken clouds
651,Ternate,0.8,127.4,80.83,78,83,4.72,ID,broken clouds
652,Makakilo City,21.3469,-158.0858,86.32,53,40,9.22,US,scattered clouds
653,Berezovyy,51.6667,135.7,79.21,54,100,2.91,RU,overcast clouds
654,Yarmouth,41.7057,-70.2286,72.03,90,90,1.99,US,overcast clouds
655,Ocos,14.5094,-92.1933,90.1,71,100,4.68,GT,overcast clouds
656,Dingle,10.9995,122.6711,79.36,83,100,9.57,PH,overcast clouds
657,Sestri Levante,44.2732,9.3968,79.56,65,83,6.17,IT,broken clouds
658,Dwarka,22.2394,68.9678,82.87,80,100,27.67,IN,overcast clouds
659,Chegdomyn,51.1167,133.0167,79.2,53,100,1.68,RU,overcast clouds
660,Moron,-34.6534,-58.6198,51.03,72,0,5.17,AR,clear sky
661,Kupino,54.3663,77.2981,58.23,80,88,4.94,RU,overcast clouds
662,Simbahan,6.3032,120.5836,82.98,72,88,7.05,PH,overcast clouds
663,Kristiinankaupunki,62.2743,21.376,59.79,66,69,16.71,FI,broken clouds
664,Khipro,25.8285,69.3772,84.4,75,100,26.08,PK,overcast clouds
665,Madison Heights,42.4859,-83.1052,84.83,62,1,6.91,US,haze
666,Sisimiut,66.9395,-53.6735,43.16,84,100,28.81,GL,overcast clouds
667,Launceston,-41.45,147.1667,47.84,95,87,1.01,AU,overcast clouds
668,Mount Isa,-20.7333,139.5,58.77,38,5,12.66,AU,clear sky
669,Hokitika,-42.7167,170.9667,50.49,83,100,4.25,NZ,overcast clouds
670,Olafsvik,64.8945,-23.7142,52.9,96,100,10.76,IS,overcast clouds
671,Xam Nua,20.4197,104.0439,69.8,99,98,0.49,LA,overcast clouds
672,Puerto Baquerizo Moreno,-0.9,-89.6,72.21,86,89,9.1,EC,overcast clouds
673,La Trinidad,16.455,120.5875,68.09,79,94,1.92,PH,overcast clouds
