City_ID,City,Country,Max Temp,Current Description,Lat,Lng,Hotel Name
1,Saint-Philippe,RE,69.39,broken clouds,-21.3585,55.7679,"Chambres d'hôte ""La Trinité"""
3,Port Alfred,ZA,48.79,moderate rain,-33.5906,26.891,The Halyards Hotel
7,Bluff,NZ,46.8,broken clouds,-46.6,168.3333,Bluff Homestead - Guesthouse & Campervan Park
10,Rikitea,PF,72.7,few clouds,-23.1203,-134.9692,People ThankYou
11,Vaini,TO,78.96,few clouds,-21.2,-175.2,Keleti Beach Resort
12,Kuching,MY,77.22,moderate rain,1.55,110.3333,The Ranee Boutique Suites
14,Busselton,AU,48.04,broken clouds,-33.65,115.3333,Observatory Guest House
17,Yellowknife,CA,73.33,smoke,62.456,-114.3525,The Explorer Hotel
21,Lebu,CL,51.67,overcast clouds,-37.6167,-73.65,Hostal Las Lilas
24,Tiksi,RU,40.48,overcast clouds,71.6872,128.8694,Arktika
25,Galle,LK,79.88,overcast clouds,6.0367,80.217,Amangalla
26,Itarema,BR,78.78,few clouds,-2.9248,-39.9167,"Sea Lounge! Bar, Club & Restaurant"
27,Jamestown,US,69.44,clear sky,42.097,-79.2353,Hampton Inn & Suites Jamestown
29,Mataura,NZ,46.47,overcast clouds,-46.1927,168.8643,Ellie's Villa
31,Haines Junction,CA,71.55,overcast clouds,60.7522,-137.5108,Parkside Inn
34,Hermanus,ZA,44.91,light rain,-34.4187,19.2345,Misty Waves Boutique Hotel
35,Ponta Do Sol,PT,71.71,clear sky,32.6667,-17.1,Hotel do Campo
36,Faya,SA,62.71,overcast clouds,18.3851,42.4509,مقبرة ال مجمل
37,Talnakh,RU,57.92,overcast clouds,69.4865,88.3972,Talnakh Hotel
38,Airai,TL,65.25,scattered clouds,-8.9266,125.4092,Juvinal Martin
39,Prince George,CA,65.64,few clouds,53.9166,-122.753,Canadas Best Value Inn Prince George
40,Chuy,UY,47.88,few clouds,-33.6971,-53.4616,Nuevo Hotel Plaza
43,Correntina,BR,72.59,few clouds,-13.3433,-44.6367,Hotel Pousada dos Sonhos
44,Berlevag,NO,44.22,light rain,70.8578,29.0864,Kvitbrakka
45,Sechura,PE,68.14,clear sky,-5.5569,-80.8222,Hospedaje Costa Bella
47,Reus,ES,75.87,clear sky,41.1561,1.1069,Hotel NH Ciutat de Reus
48,Hobart,AU,53.22,scattered clouds,-42.8794,147.3294,Mantra on Collins Hobart
50,Praia,CV,79.34,clear sky,14.9215,-23.5087,LT Aparthotel
51,Belmonte,BR,73.9,broken clouds,-15.8631,-38.8828,Pousada Monte Carmelo O Pão
52,Pevek,RU,42.21,clear sky,69.7008,170.3133,Hotel ABC
53,Sao Filipe,CV,76.41,overcast clouds,14.8961,-24.4956,Hotel Xaguate
56,Toamasina,MG,66.2,light rain,-18.1667,49.3833,Hotel H1
57,Biltine,TD,76.64,overcast clouds,14.5333,20.9167,Hôtel Trois Étoiles de Biltine
59,Sao Joao Da Barra,BR,67.96,overcast clouds,-21.6403,-41.0511,Pousada Porto De Canoas
61,Elin Pelin,BG,62.42,clear sky,42.6667,23.6,Hotel Samokov
65,Collipulli,CL,50.11,overcast clouds,-37.95,-72.4333,Hotel Di Carlo
66,Torbay,CA,52.57,fog,47.6666,-52.7314,Gallows Cove
67,Bredasdorp,ZA,43.92,overcast clouds,-34.5322,20.0403,Bredasdorp Country Manor
68,Sattenapalle,IN,75.25,overcast clouds,16.4,80.1833,Subhani hot hot tiffen ceanter
70,Ilhabela,BR,60.75,scattered clouds,-23.7781,-45.3581,Ilha Flat Hotel
71,Narsaq,GL,50.22,overcast clouds,60.9167,-46.05,Narsaq Kayak Hostel
74,Petropavlovsk-Kamchatskiy,RU,64.99,few clouds,53.0452,158.6483,The Hotel Petropavlovsky
75,Tuktoyaktuk,CA,69.8,few clouds,69.4541,-133.0374,End of The Road Ltd.
79,Arraial Do Cabo,BR,64.26,clear sky,-22.9661,-42.0278,Pousada Porto Praia
80,Port Macquarie,AU,57.88,clear sky,-31.4333,152.9167,Rydges Port Macquarie
81,Bengkulu,ID,74.46,broken clouds,-3.8004,102.2655,Grage Hotel Bengkulu
84,Upernavik,GL,43.02,broken clouds,72.7868,-56.1549,Gina's Guesthouse - Upernavik
88,Thompson,CA,73.56,smoke,55.7435,-97.8558,Burntwood Hotel
89,Grindavik,IS,55.35,overcast clouds,63.8424,-22.4338,Northern Light Inn & Max's Restaurant
90,Sioux Lookout,CA,68.07,overcast clouds,50.1001,-91.917,Knobby's Fly-In Camps
91,Bethel,US,77.09,scattered clouds,41.3712,-73.414,Courtyard by Marriott Danbury
92,Codrington,AU,45.84,overcast clouds,-38.2667,141.9667,Codrington Gardens Bed And Breakfast
94,Kathmandu,NP,70.02,broken clouds,27.7167,85.3167,Hotel Shanker Kathmandu
95,Atikokan,CA,70.95,overcast clouds,48.7555,-91.6216,Quetico Inn (formerly Radisson)
96,Cidreira,BR,53.8,clear sky,-30.1811,-50.2056,Hotel Castelo
99,Nantucket,US,75.96,few clouds,41.2835,-70.0995,Jared Coffin House
101,Wiarton,CA,69.06,scattered clouds,44.7407,-81.1332,Waterview On The Bay
102,Honningsvag,NO,44.22,light rain,70.9821,25.9704,Nordkapp Vandrerhjem
103,Mandalgovi,MN,61.21,overcast clouds,45.7625,106.2708,В.Ганбат
104,Conde,BR,71.06,overcast clouds,-7.2597,-34.9075,Pousada Beija Flor
105,New Norfolk,AU,52.88,overcast clouds,-42.7826,147.0587,The Shingles Riverside Cottages
106,Ingham,US,73.02,clear sky,42.6,-84.3833,Sunset Place
107,Vitim,RU,72.73,scattered clouds,59.4511,112.5578,Gostinitsa V Apteke
109,Caravelas,BR,68.76,clear sky,-17.7125,-39.2481,Pousada dos Navegantes
110,East London,ZA,51.28,broken clouds,-33.0153,27.9116,Tu Casa
111,Morondava,MG,70.81,clear sky,-20.2833,44.2833,La Case Bambou
112,Atuona,PF,77.58,broken clouds,-9.8,-139.0333,Villa Enata
113,Saint-Francois,FR,59.41,clear sky,46.4154,3.9054,Manoir Du Bonheur
115,Mao,ES,75.76,clear sky,39.8885,4.2658,ARTIEM Capri
116,Te Anau,NZ,44.6,broken clouds,-45.4167,167.7167,Kingsgate Hotel Te Anau
118,Geraldton,AU,55.81,overcast clouds,-28.7667,114.6,Broadwater Mariner Resort
119,Feldkirchen-Westerham,DE,63.48,clear sky,47.9075,11.8427,Gasthof-Hotel Zur schönen Aussicht
120,Kozhva,RU,47.19,scattered clouds,65.1073,57.0459,Gostinicha IP Kayuda Olga Aleksandrovna
122,Valkeakoski,FI,54.27,scattered clouds,61.2642,24.0312,Hotel Waltikka
124,Ribeira Grande,PT,68.4,scattered clouds,38.5167,-28.7,Quinta da Meia Eira
125,Ladario,BR,70.21,overcast clouds,-19.0047,-57.6017,Hotel Fazenda 4 cantos
127,Labytnangi,RU,54.03,scattered clouds,66.6572,66.4183,Priuralye Hotel
128,Castro,BR,49.55,clear sky,-24.7911,-50.0119,CHACARA BAILLY
129,Nome,US,50.16,scattered clouds,64.5011,-165.4064,Dredge 7 Inn
130,Nikolskoye,RU,56.01,clear sky,59.7035,30.7861,Tourist House - Sablino
131,Shahrud,IR,74.16,clear sky,36.4182,54.9763,Royal Hotel
132,Juneau,US,60.85,light rain,58.3019,-134.4197,"Baranof Downtown, Bw Signature Collection"
133,Paciran,ID,77.77,broken clouds,-6.8767,112.3761,Tanjung Kodok Beach Resort
135,Comodoro Rivadavia,AR,51.66,clear sky,-45.8667,-67.5,Austral Hotel
136,Kodiak,US,55.18,overcast clouds,57.79,-152.4072,Best Western Kodiak Inn And Convention Center
138,Salalah,OM,78.89,drizzle,17.0151,54.0924,HAMDAN PLAZA HOTEL SALALAH
141,Zhigalovo,RU,69.96,clear sky,54.8097,105.1578,"Hotel ""Lenatur"""
142,Atherton,GB,71.55,few clouds,53.5237,-2.4935,The Lion Inn
144,Paamiut,GL,42.17,scattered clouds,61.994,-49.6678,Hotel Ivaana
146,Manjeri,IN,74.08,mist,11.1167,76.1167,ITTC
147,Cape Town,ZA,46.81,light rain,-33.9258,18.4232,Southern Sun Waterfront Cape Town
148,Swan Hill,AU,47.57,overcast clouds,-35.3378,143.5544,Lazy River Motor Inn
150,Puerto Del Rosario,ES,71.35,few clouds,28.5004,-13.8627,Hotel JM Puerto del Rosario
151,Catemaco,MX,79.2,few clouds,18.4167,-95.1167,Hotel Playa Cristal
152,Labuhan,ID,77.45,overcast clouds,-6.8844,112.2051,PT PPI Lamongan Tambak C
154,Clarence Town,AU,56.34,clear sky,-32.5833,151.7833,River Downs Cottage
155,Kupang,ID,73.98,few clouds,-10.1667,123.5833,Hotel On The Rock by Prasanthi
156,Manono,CD,72.57,clear sky,-7.3,27.4167,Hotel hewa bora
157,Vestmannaeyjar,IS,53.56,overcast clouds,63.4427,-20.2734,Glamping & Camping
159,Rawson,AR,53.78,overcast clouds,-43.3002,-65.1023,Hosteria Sampedro
160,Saldanha,ZA,44.65,broken clouds,-33.0117,17.9442,Blue Bay Lodge
161,Waingapu,ID,78.42,overcast clouds,-9.6567,120.2641,Pondok Wisata Elim
162,Szigetujfalu,HU,68.04,clear sky,47.2342,18.9275,Castrum Vendégház
165,Pisco,PE,62.65,broken clouds,-13.7,-76.2167,Hotel San Isidro Oficial
166,Balikpapan,ID,76.19,scattered clouds,-1.2675,116.8289,ibis Balikpapan
168,Puerto Ayora,EC,72.55,overcast clouds,-0.7393,-90.3518,Finch Bay Galapagos Hotel
169,Moree,AU,44.62,clear sky,-29.4667,149.85,Molika Springs Motel
170,Ancud,CL,49.53,overcast clouds,-41.8697,-73.8203,Hotel Arena Gruesa
171,Polyanka,UA,57.06,broken clouds,50.2584,27.6881,Готель «Арарат»
172,Kunming,CN,62.53,light rain,25.0389,102.7183,Green Land Hotel
174,Khatanga,RU,53.98,overcast clouds,71.9667,102.5,"Gostinitsa ""Zapolyar'ye"""
175,Ilulissat,GL,48.22,broken clouds,69.2167,-51.1,Hotel Arctic
177,Beringovskiy,RU,54.48,broken clouds,63.05,179.3167,Beringgorski
178,Khash,IR,76.75,clear sky,28.2211,61.2158,دفتر پیشخوان دولت جمال زهی (خالد)
179,Hamilton,US,79.65,few clouds,39.1834,-84.5333,Six Acres Bed & Breakfast
180,Westonaria,ZA,40.69,clear sky,-26.3191,27.6486,Nolikha Bed & Breakfast Conference Area
182,Wana,PK,72.3,few clouds,32.2989,69.5725,Rest House at Wana Camp
183,Ahipara,NZ,59.02,light rain,-35.1667,173.1667,Ahipara Holiday Park
184,Olafsvik,IS,52.9,overcast clouds,64.8945,-23.7142,Hotel Olafsvik
185,Sudbury,CA,72.57,broken clouds,46.49,-80.99,Travelway Inn Sudbury
186,Port-Gentil,GA,75.16,broken clouds,-0.7193,8.7815,Fengshui Residence
188,Itapaci,BR,74.12,clear sky,-14.9508,-49.5494,Gold Pallace Hotel
190,Asau,RO,61.72,overcast clouds,46.4333,26.4,Casa Mika Ciobanus
192,Touros,BR,76.1,clear sky,-5.1989,-35.4608,INN NEW HORIZON
193,Karratha,AU,72.19,clear sky,-20.7377,116.8463,ibis Styles Karratha
198,Tuatapere,NZ,46.81,overcast clouds,-46.1333,167.6833,Ron and Tony's Bed & Breakfast
199,Mazara Del Vallo,IT,75.94,clear sky,37.6641,12.588,Vizier Resort & Spa
200,Ouesso,CG,75.85,overcast clouds,1.6136,16.0517,ABENIE Hotel
202,Pozo Colorado,PY,63.54,clear sky,-23.4923,-58.7972,Hospedaje la Amistad
203,Port Elizabeth,ZA,44.89,light intensity shower rain,-33.918,25.5701,39 On Nile Guest House
204,Malakal,SS,72.46,overcast clouds,9.5334,31.6605,Nile Palace Hotel
206,Mahebourg,MU,68.29,light rain,-20.4081,57.7,Shandrani Beachcomber Resort & Spa
209,Bay Roberts,CA,53.33,overcast clouds,47.5999,-53.2648,Stonewall Inn
210,Cap Malheureux,MU,68.49,light rain,-19.9842,57.6142,Pereybere Hotel & Spa
214,Nouadhibou,MR,67.98,clear sky,20.931,-17.0347,El Medina
215,Lagoa,PT,67.12,overcast clouds,39.05,-27.9833,Casa Das Faias
216,Faanui,PF,79.07,scattered clouds,-16.4833,-151.75,Bora-Bora Pearl Beach Resort & Spa
217,Jinhua,CN,78.44,scattered clouds,29.1078,119.6547,Guiyun Hotel
218,Sao Gabriel Da Cachoeira,BR,73.02,broken clouds,-0.1303,-67.0892,Alarne - Área De Lazer Do Alto Rio Negro
219,Taltal,CL,59.36,scattered clouds,-25.4,-70.4833,Residencial Karime
220,Beterou,BJ,72.88,overcast clouds,9.1992,2.2586,Monastère de Kokoubou
222,Yulara,AU,64.24,clear sky,-25.2406,130.9889,Desert Gardens Hotel - Ayers Rock Resort
229,Batemans Bay,AU,52.92,clear sky,-35.7167,150.1833,Batemans Bay Marina Resort
235,Namibe,AO,64.2,clear sky,-15.1961,12.1522,Hotel Chik Chik Namibe
236,Bundaberg,AU,58.21,clear sky,-24.85,152.35,Takalvan Motel
238,Kaeo,NZ,64.33,broken clouds,-35.1,173.7833,Bushido Lodge
239,Harnosand,SE,61.0,overcast clouds,62.6323,17.9379,First Hotel Stadt
240,Keffi,NG,75.58,light rain,8.8486,7.8736,Imam Family
241,Carmelo,UY,59.16,scattered clouds,-33.9892,-58.2856,Los Muelles Boutique Hotel
242,Muisne,EC,75.83,scattered clouds,0.6,-80.0333,Quinta Samay
243,Denia,ES,79.75,clear sky,38.8408,0.1057,Hotel Port Denia
244,Komsomolskiy,UZ,72.82,clear sky,40.4272,71.7189,Ikathouse
245,Meulaboh,ID,75.38,overcast clouds,4.1363,96.1285,Kost Pria
246,Turukhansk,RU,59.85,overcast clouds,65.8167,87.9833,"ООО ""Туруханская пушнина"""
247,Coihaique,CL,48.15,light rain,-45.5752,-72.0662,Diego De Almagro Coyhaique
248,Kumba,CM,71.49,overcast clouds,4.6363,9.4469,El Bethel Hotel
250,Carnarvon,AU,53.67,clear sky,-24.8667,113.6333,Hospitality Carnarvon
253,Maniitsoq,GL,44.67,scattered clouds,65.4167,-52.9,Hotel Heilmann Lyberth
254,Pulawy,PL,62.4,broken clouds,51.4166,21.9694,Hotel Trzy Korony
255,Aksu,CN,65.71,light rain,41.1231,80.2644,Pudong Holiday Hotel
256,Romny,UA,58.32,broken clouds,50.751,33.4747,Floriana
257,Vila Franca Do Campo,PT,68.41,scattered clouds,37.7167,-25.4333,Pestana Bahia Praia
258,Svetlogorsk,BY,54.43,clear sky,52.6333,29.7333,Hotel Svetlogorsk JBIK
260,Pangnirtung,CA,42.01,broken clouds,66.1451,-65.7125,Kilabuk Lodge
261,Kapit,MY,75.7,moderate rain,2.0167,112.9333,Hotel Meligai Kapit
263,Kaitangata,NZ,44.2,overcast clouds,-46.2817,169.8464,Kaitangata Motor Camp
268,Valdez,EC,78.44,few clouds,1.2492,-78.9831,Casa Alquiler Doña Yenner y Don Wacho
269,Miguel Calmon,BR,63.61,scattered clouds,-11.4289,-40.595,Pousada Guiomar
271,Pljevlja,ME,56.66,clear sky,43.3333,19.3333,Hotel Franca
273,La Ronge,CA,70.05,smoke,55.1001,-105.2842,Northland Motor Hotel
275,Vila,PT,64.74,clear sky,42.0304,-8.1588,Hotel Castrum Villae by Walk Hotels
277,Ponta Delgada,PT,68.72,broken clouds,37.7333,-25.6667,Vila Nova Hotel
278,Los Llanos De Aridane,ES,67.75,clear sky,28.6585,-17.9182,Valle Aridane
279,Batagay,RU,62.69,overcast clouds,67.6333,134.6333,Gostinitsa Ki'ileekh
280,Kruisfontein,ZA,41.88,light rain,-34.0033,24.7314,Oyster Bay House Rental
281,Miandrivazo,MG,70.5,scattered clouds,-19.5167,45.4667,Hôtel Arc En Ciel Miandrivazo
282,Klaksvik,FO,52.72,clear sky,62.2266,-6.589,Airbnb rooms
283,Matara,LK,78.71,overcast clouds,5.9485,80.5353,Amaloh Boutique Resort
284,Miyako,JP,75.34,overcast clouds,39.6367,141.9525,Hotel Route Inn Miyako
286,Saint-Paul,RE,69.91,broken clouds,-21.0096,55.2707,Boucan Canot
287,Quickborn,DE,59.79,broken clouds,53.7333,9.9,ibis budget Hamburg Quickborn
288,Marsa Matruh,EG,77.2,clear sky,31.3525,27.2453,Beau Site
290,Dalvik,IS,60.73,clear sky,65.9702,-18.5286,Dalvík HI Hostel
291,Esperance,AU,51.64,overcast clouds,-33.8667,121.9,Hospitality Esperance
292,Longyearbyen,SJ,40.84,few clouds,78.2186,15.6401,"Radisson Blu Polar Hotel, Spitsbergen"
296,Nizhnyaya Poyma,RU,61.03,few clouds,56.1622,97.1933,Gostinitsa
297,Mount Gambier,AU,44.51,overcast clouds,-37.8333,140.7667,The Commodore
298,Bibbiena,IT,73.08,few clouds,43.6965,11.8135,Hotel Borgo Antico
299,Padang,ID,73.45,broken clouds,-0.9492,100.3543,Mercure Padang
300,Kununurra,AU,60.78,scattered clouds,-15.7667,128.7333,Hotel Kununurra
301,Rosa Zarate,EC,76.05,light rain,0.3333,-79.4667,Piscinas y Recepciones Hecalash
302,Chalakudi,IN,75.11,heavy intensity rain,10.304,76.3361,Hotel Sidhartha Luxury Business Class Hotel 4 STAR
303,Benguela,AO,68.13,few clouds,-12.5763,13.4055,Hotel Praia Morena
305,San Vicente,AR,51.82,clear sky,-26.6167,-54.1333,Complejo Turístico Farelluk
306,Mehamn,NO,43.52,light rain,71.0357,27.8492,Mehamn Arctic Hotel AS
307,Severobaykalsk,RU,60.48,clear sky,55.65,109.3167,Hostel03RUS
309,Peniche,PT,64.72,few clouds,39.3558,-9.3811,Hotel Star inn Peniche
311,Newport,GB,71.71,clear sky,51.5877,-2.9984,ibis budget Newport
313,Maragogi,BR,73.9,broken clouds,-9.0122,-35.2225,Salinas do Maragogi All Inclusive Resort
315,Hobyo,SO,77.22,scattered clouds,5.3505,48.5268,Halane Hotel and Restaurent
316,Chapais,CA,69.58,broken clouds,49.7834,-74.8492,Hôtel Opémiska
317,Kozluk,TR,66.45,clear sky,38.1938,41.4885,roni rezisdans kozluk apart otel
320,Capao Da Canoa,BR,53.01,clear sky,-29.7456,-50.0097,Hotel Araçá
322,Aleksandrov Gay,RU,77.95,few clouds,50.147,48.5704,Gostinitsa I.p. Yes'kov A.v
324,Fort Nelson,CA,67.59,broken clouds,58.8053,-122.7002,The Fort Nelson Hotel
327,Ust-Tsilma,RU,41.31,broken clouds,65.441,52.1498,U Praskov'i
328,Iqaluit,CA,46.13,overcast clouds,63.7506,-68.5145,Frobisher Inn
330,Husavik,IS,60.71,clear sky,66.0449,-17.3389,Bjarnabúð
331,Porto Novo,BJ,78.62,broken clouds,6.4965,2.6036,Tour Eiffel Hotel Benin
334,Bonavista,CA,52.12,broken clouds,48.6499,-53.1147,Abbott's Bed & Breakfast
338,Carballo,ES,64.54,overcast clouds,43.213,-8.691,Pazo do Souto
339,Nanortalik,GL,43.84,overcast clouds,60.1432,-45.2371,Hotel Kap Farvel
341,Kenai,US,58.08,moderate rain,60.5544,-151.2583,Aspen Extended Stay Suites
343,Adelaide,AU,45.1,light intensity drizzle,-34.9333,138.6,The Chancellor on Currie
345,Ullapool,GB,60.76,few clouds,57.8987,-5.1604,Argyll Hotel
346,Mormugao,IN,77.45,moderate rain,15.4,73.8,Coconut Creek Resort
349,Pitimbu,BR,72.19,few clouds,-7.4706,-34.8086,Reserva do Abiaí
352,Bintulu,MY,73.81,few clouds,3.1667,113.0333,900 Boutique INN
353,Gat,IL,77.68,clear sky,31.61,34.7642,OlusHome
355,Habiganj,BD,78.37,overcast clouds,24.3833,91.4167,"আব্দুল ছাওার,, সুলতানশী হবিগঞ্জ ( Gias uddin)"
356,Skjervoy,NO,48.11,overcast clouds,70.0311,20.9714,Skjervøy Byggeservice AS
357,Kurchum,KZ,74.57,overcast clouds,48.5722,83.6542,"Gostinitsa ""Kneda"""
359,Along,IN,76.32,broken clouds,28.1667,94.7667,Hotel West
361,Bolzano,IT,72.95,broken clouds,46.4927,11.3336,Hotel Regina
364,Howard Springs,AU,72.88,broken clouds,-12.497,131.047,buffalo beach hostel
365,Tobol,KZ,67.98,broken clouds,52.6844,62.5794,Tobol Gostinitsa
367,Ryde,GB,70.75,scattered clouds,50.73,-1.1621,Dorset Hotel
370,Harper,LR,76.3,scattered clouds,4.375,-7.7169,Screensaver
372,San Rafael,AR,56.03,overcast clouds,-34.6177,-68.3301,Hotel San Rafael
373,Saint-Pierre,RE,69.48,light rain,-21.3393,55.4781,Lindsey Hôtel
374,San Nicolas,PH,78.71,overcast clouds,18.1725,120.5953,NORTHVIEW Hotel
376,Paka,MY,75.13,scattered clouds,4.6374,103.4368,RUMBIA RESORT VILLA
377,Igrim,RU,52.39,clear sky,63.1906,64.4162,Obshchezhitiye Uchebno-Proizvodstvennogo Tsentra
378,Vigrestad,NO,55.58,clear sky,58.5667,5.7,Brusand Camping
379,Paso De Carrasco,UY,50.14,broken clouds,-34.8603,-56.0522,Hotel Sofitel Montevideo Casino Carrasco and Spa
381,Ust-Ishim,RU,62.11,light rain,57.6935,71.1665,"Velichko T.p., Gostinitsa"
384,Sibolga,ID,75.67,overcast clouds,1.7427,98.7792,Hotel Syariah CN Darussalam
385,Coquimbo,CL,49.73,few clouds,-29.9533,-71.3436,Punto de encuentro
387,Novyy Urengoy,RU,62.26,light rain,66.0833,76.6333,Apartments Moy Dom na Gubkina
389,Victoria Point,AU,62.58,clear sky,-27.5833,153.3,Bay Retreat Motel
390,Deputatskiy,RU,53.08,overcast clouds,69.3,139.9,Baza Otdykha
391,Stykkisholmur,IS,53.44,broken clouds,65.0757,-22.7297,Fosshótel Stykkishólmur
392,Zhigansk,RU,63.34,broken clouds,66.7697,123.3711,Gostinichnyy Kompleks Aylgy
393,Bantry,IE,65.68,overcast clouds,51.6833,-9.45,The Maritime Hotel
394,Maldonado,UY,48.22,broken clouds,-34.6667,-54.9167,La Cimarrona
396,Matane,CA,64.15,overcast clouds,48.8286,-67.522,Hotel-Motel Belle Plage
398,Itabira,BR,57.7,clear sky,-19.6192,-43.2269,Premium Executive Hotel
399,Mar Del Plata,AR,53.13,clear sky,-38.0023,-57.5575,Gran Hotel Mar del Plata
401,Poronaysk,RU,64.62,broken clouds,49.2167,143.1167,Avtovokzal Khostel Stolovaya
402,Broken Hill,AU,44.31,moderate rain,-31.95,141.4333,Royal Exchange Hotel
403,Sorgues,FR,73.31,clear sky,44.0102,4.8738,Novotel Avignon Nord
405,Dve Mogili,BG,62.62,clear sky,43.6,25.8667,Къщата с липите
407,Vardo,NO,44.62,light rain,70.3705,31.1107,Vardø Hotel AS
408,Teguise,ES,66.42,few clouds,29.0605,-13.564,B&B La Casona de Nazaret
410,Bilibino,RU,62.49,overcast clouds,68.0546,166.4372,Gostinitsa Severyanka
411,Paraiso,CR,72.46,overcast clouds,9.8383,-83.8656,Rinconcito Verde
412,Burns Lake,CA,60.22,overcast clouds,54.2331,-125.7533,Burns Lake Bed and Breakfast
413,Mount Isa,AU,64.17,scattered clouds,-20.7333,139.5,ibis Styles Mt Isa Verona
414,Bontang,ID,77.05,overcast clouds,0.1333,117.5,KOPKAR Hotel Bintang Sintuk
417,Panguipulli,CL,49.71,overcast clouds,-39.6333,-72.3333,Cabañas Mis Viejos
418,Buchanan,LR,77.09,broken clouds,5.8808,-10.0467,Kamaneahn Hotel Inc
419,Valle De Allende,MX,79.27,broken clouds,26.9333,-105.4,Hotel Meson de San Bartolome
421,Broome,US,71.1,few clouds,42.2506,-75.833,Chenango Valley State Park
423,Jalu,LY,79.61,clear sky,29.0331,21.5482,صاحبة الفخامة
424,Hualmay,PE,63.97,few clouds,-11.0964,-77.6139,Hotel Villa Kitzia Huacho
425,Balyaga,RU,59.74,light rain,51.1507,108.921,Gostinitsa
428,Isiolo,KE,65.88,overcast clouds,0.3546,37.5822,Gaddisa Hotel
429,Chinhoyi,ZW,55.04,clear sky,-17.3667,30.2,Msasa Guest House Chinhoyi (Wendy Shaw)
430,Kyren,RU,66.49,clear sky,51.6828,102.1408,"Energetik, Pansionat Ooo ""Grand Baykal"""
432,Praia Da Vitoria,PT,70.05,scattered clouds,38.7333,-27.0667,Hotel Branco I
433,Guerrero Negro,MX,74.21,overcast clouds,27.9769,-114.0611,"Casa Laguna, Bed & Breakfast"
436,Monroe,US,73.78,few clouds,43.1501,-77.6831,"Staybridge Suites Rochester University, an IHG Hotel"
439,Vao,NC,70.34,broken clouds,-22.6667,167.4833,Hotel Kou-Bugny
440,Raudeberg,NO,56.19,broken clouds,61.9875,5.1352,Nordre Silda.
441,Sibiti,CG,66.02,clear sky,-3.6819,13.3499,"LE PAPYRUS (hôtel, bar et restaurant)"
443,Chake Chake,TZ,73.51,light rain,-5.2459,39.7666,Hotel Archipelago
445,Makokou,GA,75.51,overcast clouds,0.5738,12.8642,WAMY RESIDENCE HOTEL
446,Odweyne,SO,72.88,scattered clouds,9.4092,45.064,Eng Hiirey House
447,Den Helder,NL,64.94,broken clouds,52.9599,4.7593,Hotel Den Helder
448,Waipawa,NZ,54.23,overcast clouds,-41.4122,175.5153,Tora Coastal Walk
449,Chicama,PE,64.94,few clouds,-7.8447,-79.1469,Balihai Bungalows
450,Sumbawanga,TZ,55.06,clear sky,-7.9667,31.6167,Matamba II Guest House
451,Trairi,BR,78.55,few clouds,-3.2778,-39.2689,janelas do mar
456,Lyngseidet,NO,46.49,overcast clouds,69.5763,20.2189,Magic Mountain Lodge
457,Lumphat,KH,73.85,overcast clouds,13.4878,106.9816,Lumphat Homestay
459,Komatipoort,ZA,56.64,clear sky,-25.4332,31.9548,Kruger View Backpackers
460,San Carlos De Bariloche,AR,46.15,clear sky,-41.1456,-71.3082,Hotel Patagonia
461,Souillac,MU,68.38,light rain,-20.5167,57.5167,Shanti Maurice Resort & Spa
462,Noumea,NC,76.98,clear sky,-22.2763,166.4572,Hôtel Le Lagon
463,Uyuni,BO,43.03,clear sky,-20.4597,-66.825,Hostal La Magia de Uyuni
465,Portree,GB,54.86,few clouds,57.4129,-6.1942,The Royal Hotel
466,Kosh-Agach,RU,59.29,broken clouds,50.0,88.6667,Fermerskiy Dom v Kosh-Agache
467,Buloh Kasap,MY,76.91,overcast clouds,2.5536,102.764,Teratak Ixora Segamat
472,Huarmey,PE,64.81,scattered clouds,-10.0681,-78.1522,Hotel Miramar
474,Sept-Iles,CA,65.25,overcast clouds,50.2001,-66.3821,Comfort Inn
475,Sao Jose Da Coroa Grande,BR,74.44,scattered clouds,-8.8978,-35.1478,Crôa Mares Hotel
476,Krasnyy Yar,RU,78.73,broken clouds,46.5331,48.3456,Cottege near Ufa
477,Ribeira Brava,PT,71.71,clear sky,32.65,-17.0667,Hotel do Campo
478,Kampong Thum,KH,77.85,overcast clouds,12.7111,104.8887,Sambor Village Hotel
479,Salinopolis,BR,78.39,scattered clouds,-0.6136,-47.3561,Salinas Park Resort Maçarico AP101
480,Cherskiy,RU,62.71,few clouds,68.75,161.3,Gostinitsa
481,Loandjili,CG,71.42,few clouds,-4.7561,11.8578,Résidence ARCHANGE
482,Benito Juarez,MX,68.0,overcast clouds,19.385,-99.165,Hotel Novit
483,North Bend,US,74.25,clear sky,43.4065,-124.2243,Red Lion Hotel Coos Bay
485,Fairbanks,US,77.02,broken clouds,64.8378,-147.7164,Westmark Fairbanks Hotel & Conference Center
487,Cururupu,BR,74.53,scattered clouds,-1.8283,-44.8683,POUSADA TRAVÉS'CIA
488,Kannur,IN,78.89,overcast clouds,11.8675,75.3576,Asokam Beach Resort and Ayurveda Chikitsa Kendram
489,Zuwarah,LY,75.58,clear sky,32.9312,12.082,يوسف
492,Kisaran,ID,74.05,overcast clouds,2.9845,99.6158,Penginapan Batubara1
493,Sitka,US,57.09,broken clouds,57.0531,-135.33,Westmark Sitka
494,Leh,IN,54.19,few clouds,34.1667,77.5833,Hotel Ladakh Greens
496,Jalingo,NG,73.58,light rain,8.8833,11.3667,Debright Motel
500,Bambous Virieux,MU,68.25,light rain,-20.3428,57.7575,Casa Tia Villa
501,Sorland,NO,51.15,overcast clouds,67.667,12.6934,Sjybrygga fiskecamp
502,Sunyani,GH,69.13,scattered clouds,7.3399,-2.3268,Nass Lodge
503,Villa Carlos Paz,AR,60.39,clear sky,-31.4241,-64.4978,Monte Carlo
504,Zatoka,UA,67.28,broken clouds,46.0725,30.4654,"База отдыха ""Солнечная"""
505,Paungde,MM,76.17,heavy intensity rain,18.4833,95.5,Shwe Eain Matt highly cool guest house
510,Camacha,PT,67.53,scattered clouds,33.0833,-16.3333,Hotel Porto Santo & Spa
511,Matagami,CA,69.91,clear sky,49.7502,-77.6328,Hôtel Matagami
514,Alofi,NU,78.69,broken clouds,-19.0595,-169.9187,Taloa Heights
515,Makakilo City,US,79.12,light rain,21.3469,-158.0858,Marriott's Ko Olina Beach Club
516,Sainte-Thecle,CA,66.25,broken clouds,46.8168,-72.4991,Camping Lac et Forêt
517,General Pico,AR,53.2,overcast clouds,-35.6566,-63.7568,Hotel Malargue
518,Severo-Kurilsk,RU,52.88,scattered clouds,50.6789,156.125,Kak Doma
519,Royan,FR,73.44,broken clouds,45.6285,-1.0281,Hôtel Cordouan Thalassothérapie et Spa - Royan
521,Mayma,RU,62.87,few clouds,52.0197,85.9114,Usadba Bereg Mechty
525,Puerto Ayacucho,VE,76.12,scattered clouds,5.6639,-67.6236,Posada Turistica Manapiare
526,Bowen,AU,61.02,clear sky,-20.0167,148.2333,Castle Motor Lodge Motel
529,Necochea,AR,49.03,overcast clouds,-38.5473,-58.7368,dyd -mar Hotel
530,Constitucion,CL,53.15,overcast clouds,-35.3333,-72.4167,Hotel Boutique Las Azucenas
531,Richards Bay,ZA,58.96,broken clouds,-28.783,32.0377,BON Hotel Waterfront Richards Bay
533,Moron,AR,58.98,broken clouds,-34.6534,-58.6198,Hotel Morón
534,Cabedelo,BR,72.27,few clouds,-6.9811,-34.8339,Hotel Pigalle
535,Hashtrud,IR,72.84,clear sky,37.4779,47.0508,Mahan Hotel
538,Niteroi,BR,67.59,clear sky,-22.8833,-43.1036,Guesthouse
539,Valparaiso,CL,53.47,mist,-33.0393,-71.6273,Hotel Ultramar
542,Emerald,AU,52.34,clear sky,-23.5333,148.1667,The Irish Village
545,Anloga,GH,77.22,broken clouds,5.7947,0.8973,Pin Drop Hotel
546,Weligama,LK,78.89,overcast clouds,5.9667,80.4167,Weligama Bay Resort
548,Jaguariaiva,BR,50.94,clear sky,-24.2511,-49.7058,San Juan Jaguariaíva
549,Zlitan,LY,75.96,clear sky,32.4674,14.5687,القسم الداخلي للجامعة الأسمرية
550,Arcata,US,68.13,clear sky,40.8665,-124.0828,"Hampton Inn & Suites Arcata, CA"
551,Hovd,MN,72.28,broken clouds,48.0056,91.6419,Hotel Khovd
552,San Quintin,MX,74.35,broken clouds,30.4833,-115.95,Don Eddie's Sport Fishing Center
553,Muros,ES,64.99,scattered clouds,42.7762,-9.0603,Apartment Av. Castelao
554,Boysun,UZ,72.82,clear sky,38.2061,67.1986,Gaza Hotel
555,Isilkul,RU,64.33,scattered clouds,54.9109,71.2728,Perekrestok Mini-Hotel
556,Vila Velha,BR,66.15,broken clouds,-20.3297,-40.2925,Quality Suites Vila Velha
557,Palu,ID,75.74,overcast clouds,-0.8917,119.8707,Hotel Santika Palu
558,Alta Floresta,BR,76.42,clear sky,-9.8756,-56.0861,Floresta Amazonica Hotel
559,Mareeba,AU,73.33,scattered clouds,-17.0,145.4333,Trinity Plains Tourist Park
560,Ribas Do Rio Pardo,BR,64.27,scattered clouds,-20.4431,-53.7592,Pousada Avenida
562,Zhezkazgan,KZ,68.41,clear sky,47.8043,67.7144,Hotel Zumrat
564,Wolfsburg,DE,65.32,broken clouds,52.4333,10.8,"The Ritz-Carlton, Wolfsburg"
565,Kuusankoski,FI,55.92,clear sky,60.907,26.6244,Hotel Sommelo
566,Narasannapeta,IN,78.15,overcast clouds,18.4167,84.05,G.lingaraju home
569,Oil City,US,71.29,clear sky,41.4339,-79.7064,Days Inn by Wyndham Oil City Conference Center
570,Haverfordwest,GB,69.35,broken clouds,51.8017,-4.9691,Coastal Cottages of Pembrokeshire
574,Bandarbeyla,SO,78.57,broken clouds,9.4942,50.8122,JABIR HOTEL
575,Myitkyina,MM,76.06,light rain,25.3833,97.4,Shwe Phyu Hotel
576,Roseburg,US,78.19,clear sky,43.2165,-123.3417,"Holiday Inn Express Roseburg, an IHG Hotel"
577,Mahanoro,MG,64.02,few clouds,-19.9,48.8,BUNGALOW MAHAMANINA
578,Dawei,MM,78.64,overcast clouds,14.0833,98.2,Hotel Dawei
579,Inowroclaw,PL,61.12,overcast clouds,52.7989,18.2639,Rezydencja Pod Tężnią & Spa
580,Berberati,CF,68.0,light rain,4.2612,15.7922,Prince Virgile ASSOMO-MOMORI
581,Makasar,ID,75.25,scattered clouds,-5.14,119.4221,Hotel Horison Ultima Makassar
582,Sjovegan,NO,50.23,overcast clouds,68.8726,17.8474,Sjøvegan cabin AS
583,Koumac,NC,74.52,scattered clouds,-20.5667,164.2833,Le Monitel
584,Yar-Sale,RU,55.15,overcast clouds,66.8333,70.8333,Yalemd
585,Sakhon Nakhon,TH,74.26,light rain,17.1612,104.1472,บริษัท สกลแกรนด์พาเลซ จำกัด
586,Iquique,CL,59.04,few clouds,-20.2208,-70.1431,Backpacker`s Hostel Iquique
587,Magadan,RU,52.84,overcast clouds,59.5667,150.8,Magadan hotel
588,Krasnoselkup,RU,64.31,overcast clouds,65.7,82.4667,Krasnosel'kupnefteprodukt
589,Sabaudia,IT,78.44,broken clouds,41.3003,13.0282,Oasi di Kufra
590,Krasnokamensk,RU,75.4,scattered clouds,50.0979,118.0369,Tsentral'naya
591,Goes,NL,67.05,clear sky,51.5042,3.8889,Hotel Terminus
592,San Cristobal,VE,65.1,overcast clouds,7.7669,-72.225,Posada Villaven C.A.
593,Maraial,BR,68.77,broken clouds,-8.7825,-35.8089,Beco da paz
594,Gondar,ET,55.99,overcast clouds,12.6,37.4667,L Shape Hotel
597,Keflavik,IS,55.31,overcast clouds,64.0049,-22.5624,Hotel Keflavik
598,Santiago De Cao,PE,66.33,few clouds,-7.9589,-79.2392,Villa Konecta - Alojamiento Familiar
599,Anadyr,RU,57.7,clear sky,64.75,177.4833,"Гостиница ""Анадырь"""
600,Homer,US,58.08,light rain,59.6425,-151.5483,Beluga Lake Lodge
601,Springbok,ZA,41.23,broken clouds,-29.6643,17.8865,Undulata Country Lodge
603,Burayevo,RU,63.52,broken clouds,55.8407,55.4083,"Gostnitsa ""Tanyp"""
604,Pokhara,NP,73.51,overcast clouds,28.2333,83.9833,Butterfly Lodge
605,Mathathane,BW,56.43,clear sky,-22.2687,28.7495,Selepswe Resort
606,Manakara,MG,62.98,clear sky,-22.1333,48.0167,La Residence Manakara
607,Ende,ID,78.3,broken clouds,-8.8432,121.6623,Dwi Putra Hotel - Ende
608,Zheleznogorsk,RU,55.74,clear sky,52.331,35.3711,"Hotel ""Zheleznogorsk"""
609,Victor Harbor,AU,45.72,moderate rain,-35.5667,138.6167,McCracken Country Club
610,Brosteni,RO,55.76,broken clouds,47.2333,25.7,D' Magic
611,Atasu,KZ,64.51,clear sky,48.6814,71.6433,Dostyk
612,Skegness,GB,61.02,clear sky,53.1436,0.3363,The Royal Hotel
613,Abatskoye,RU,64.62,broken clouds,56.2875,70.4555,Gostinitsa Abatskaya
614,Boden,SE,57.2,overcast clouds,65.8252,21.6886,Quality Hotel Bodensia
616,Evanton,GB,60.55,broken clouds,57.6638,-4.34,Balconie House (Simonelli Apartments)
617,Inhambane,MZ,67.73,few clouds,-23.865,35.3833,Oceano
619,Arona,ES,66.83,few clouds,28.0996,-16.681,Paradise Court
620,Abalak,RU,61.21,broken clouds,58.1286,68.5944,Туристический комплекс Абалак
623,Biak,ID,74.91,overcast clouds,-0.9131,122.8766,Penginapan Kim
626,Sainte-Marie,RE,69.96,broken clouds,-20.8968,55.5496,Les pailles en queue de Sainte Marie
629,Lensk,RU,73.0,overcast clouds,60.7253,114.9278,ТинОрС
631,Bulawayo,ZW,51.17,clear sky,-20.15,28.5833,4 On Housman Backpackers
634,De-Kastri,RU,73.36,overcast clouds,51.4667,140.7833,Somon Hotel
635,Chatellerault,FR,68.72,broken clouds,46.8,0.5333,La Gourmandine
636,Macamic,CA,71.83,scattered clouds,48.7502,-78.9996,"Maison Tardif Enr. - Auberge à Macamic, QC"
638,Khilok,RU,59.31,light rain,51.3674,110.4676,"Gostevoy Dom ""Magnit"""
639,Impalutao,PH,74.32,overcast clouds,8.2578,125.0275,Ant Farm
640,Bambanglipuro,ID,75.11,broken clouds,-7.95,110.2833,Puri Brata
644,Logansport,US,79.05,clear sky,40.7545,-86.3567,"Holiday Inn Express & Suites Logansport, an IHG Hotel"
648,Gornopravdinsk,RU,62.76,overcast clouds,60.05,69.9,Burovik
652,Banyo,CM,65.3,moderate rain,6.75,11.8167,Motel JOMBA
653,Gorontalo,ID,79.99,overcast clouds,0.5412,123.0595,Maqna Hotel by Prasanthi
657,General Roca,AR,50.4,overcast clouds,-39.0333,-67.5833,Hotel y Casino del Río General Roca
658,Galesong,ID,75.22,overcast clouds,-5.3166,119.3661,Sapriadi Appy
659,Formosa Do Rio Preto,BR,73.58,clear sky,-11.0483,-45.1931,Porto Center Hotel
662,Ranau,MY,72.25,broken clouds,5.9538,116.6641,The Second Room
668,Port Lincoln,AU,47.77,light rain,-34.7333,135.8667,Port Lincoln Hotel
670,Taiyuan,CN,71.46,clear sky,37.8694,112.5603,Jinjiang Inn
671,Acahay,PY,59.29,clear sky,-25.9167,-57.15,Club 30 de abril - Acahay
672,Boyolangu,ID,74.37,broken clouds,-8.1181,111.8935,Yos ega cv
675,Boguchany,RU,61.23,light rain,58.3814,97.4531,Uyut
676,Constantine,DZ,72.81,clear sky,36.365,6.6147,Grand Hotel Cirta
677,Colares,PT,64.44,clear sky,38.7992,-9.4469,Arribas Sintra Hotel
678,Crimmitschau,DE,63.61,few clouds,50.8167,12.3833,Hotel Schloss Schweinsburg
679,Portland,US,79.52,broken clouds,45.5234,-122.6762,Embassy Suites by Hilton Portland Downtown
681,Osuna,ES,79.83,clear sky,37.2377,-5.1075,Hospedería del Monasterio
682,Tevaitoa,PF,78.89,scattered clouds,-16.7833,-151.5,Hôtel Raiatea Lodge
684,Ajmer,IN,79.61,broken clouds,26.45,74.6333,OYO 862 Hotel Embassy
685,Wuwei,CN,79.47,broken clouds,37.9281,102.6414,Thank Inn Chain Hotel gansu wuwei liangzhou district xiguan middle road
687,Plettenberg Bay,ZA,47.79,light rain,-34.0527,23.3716,Thanda Vista B&B
690,Tupik,RU,60.53,overcast clouds,54.4253,119.9327,Guest House Orkhideya
